-- phpMyAdmin SQL Dump
-- version 4.8.5
-- https://www.phpmyadmin.net/
--
-- Host: 127.0.0.1
-- Generation Time: Feb 03, 2022 at 10:47 AM
-- Server version: 10.1.38-MariaDB
-- PHP Version: 7.3.2

SET SQL_MODE = "NO_AUTO_VALUE_ON_ZERO";
SET AUTOCOMMIT = 0;
START TRANSACTION;
SET time_zone = "+00:00";


/*!40101 SET @OLD_CHARACTER_SET_CLIENT=@@CHARACTER_SET_CLIENT */;
/*!40101 SET @OLD_CHARACTER_SET_RESULTS=@@CHARACTER_SET_RESULTS */;
/*!40101 SET @OLD_COLLATION_CONNECTION=@@COLLATION_CONNECTION */;
/*!40101 SET NAMES utf8mb4 */;

--
-- Database: `inventory`
--

-- --------------------------------------------------------

--
-- Table structure for table `agents`
--

CREATE TABLE `agents` (
  `id` bigint(20) UNSIGNED NOT NULL,
  `_key` varchar(32) COLLATE utf8mb4_unicode_ci NOT NULL,
  `type` varchar(255) COLLATE utf8mb4_unicode_ci NOT NULL,
  `name` varchar(255) COLLATE utf8mb4_unicode_ci NOT NULL,
  `fathers_name` varchar(255) COLLATE utf8mb4_unicode_ci DEFAULT NULL,
  `address` varchar(255) COLLATE utf8mb4_unicode_ci NOT NULL,
  `mobile` varchar(255) COLLATE utf8mb4_unicode_ci NOT NULL,
  `code` varchar(32) COLLATE utf8mb4_unicode_ci DEFAULT NULL,
  `cost_per_bag` int(11) DEFAULT NULL,
  `cost_per_kg` int(11) DEFAULT NULL,
  `loan_per_bag` int(11) DEFAULT NULL,
  `empty_bag_charge` int(11) DEFAULT NULL,
  `fanning_charge` int(11) DEFAULT NULL,
  `agent_discount` int(11) DEFAULT NULL,
  `discount_per_bag` int(11) DEFAULT NULL,
  `rate_of_interest` int(11) DEFAULT NULL,
  `information` text COLLATE utf8mb4_unicode_ci,
  `created_at` timestamp NULL DEFAULT NULL,
  `updated_at` timestamp NULL DEFAULT NULL,
  `deleted_at` timestamp NULL DEFAULT NULL
) ENGINE=InnoDB DEFAULT CHARSET=utf8mb4 COLLATE=utf8mb4_unicode_ci;

--
-- Dumping data for table `agents`
--

INSERT INTO `agents` (`id`, `_key`, `type`, `name`, `fathers_name`, `address`, `mobile`, `code`, `cost_per_bag`, `cost_per_kg`, `loan_per_bag`, `empty_bag_charge`, `fanning_charge`, `agent_discount`, `discount_per_bag`, `rate_of_interest`, `information`, `created_at`, `updated_at`, `deleted_at`) VALUES
(1, '02V7ebhIaphr5kw5anTkANjJwfv2tQ3h', 'agent', 'Wyatt Caldwell', 'Yvette Holcomb', 'Perferendis providen', 'Elit officia offici', NULL, NULL, NULL, NULL, NULL, NULL, NULL, 75, 11, NULL, '2022-01-01 00:38:07', '2022-01-01 00:38:14', NULL);

-- --------------------------------------------------------

--
-- Table structure for table `categories`
--

CREATE TABLE `categories` (
  `id` bigint(20) UNSIGNED NOT NULL,
  `_key` varchar(32) COLLATE utf8mb4_unicode_ci NOT NULL,
  `product_type_id` bigint(20) UNSIGNED NOT NULL,
  `name` varchar(200) COLLATE utf8mb4_unicode_ci NOT NULL,
  `description` text COLLATE utf8mb4_unicode_ci NOT NULL,
  `created_at` timestamp NULL DEFAULT NULL,
  `updated_at` timestamp NULL DEFAULT NULL,
  `deleted_at` timestamp NULL DEFAULT NULL
) ENGINE=InnoDB DEFAULT CHARSET=utf8mb4 COLLATE=utf8mb4_unicode_ci;

--
-- Dumping data for table `categories`
--

INSERT INTO `categories` (`id`, `_key`, `product_type_id`, `name`, `description`, `created_at`, `updated_at`, `deleted_at`) VALUES
(1, '9ghmumOLzgLOKcvSedEcl557am6IjOZC', 3, 'ipsa', 'Quos soluta minima cupiditate et. Qui voluptatem eum laboriosam corrupti rerum et. Magni laboriosam exercitationem natus veritatis sed. Numquam veritatis nisi assumenda fugiat odio ab.', '2021-12-30 04:58:58', '2021-12-30 04:58:58', NULL),
(2, 'zeEmzkjm6wxi6qATIauEbBgtCAJuUaU3', 12, 'a', 'Incidunt sapiente rerum iusto doloribus magni odio nesciunt. Earum totam iste sapiente occaecati. Fugit tempora reprehenderit ducimus ea voluptas. Cupiditate temporibus tenetur et reiciendis corrupti ducimus id.', '2021-12-30 04:58:58', '2021-12-30 04:58:58', NULL),
(3, 'b2IWHeGUajr01ZHqijijEfvkQndcLh5i', 18, 'dicta', 'Et itaque fugit ut et. Enim amet non necessitatibus error. Qui perspiciatis ut molestiae. Odio placeat sapiente necessitatibus rem quia magnam est.', '2021-12-30 04:58:58', '2021-12-30 04:58:58', NULL),
(4, 'reJFZwVbg4H5ERKWPmSi6Mz2R2z2gtEK', 6, 'nesciunt', 'Itaque non labore officiis aut qui voluptate eveniet. Porro quod ipsum quam nostrum ut porro a. Placeat magnam vel facere ipsa non. Consequatur atque repellendus et eaque vero illum.', '2021-12-30 04:58:58', '2021-12-30 04:58:58', NULL),
(5, 'phBrSv1W5XZUIw7p8BMajcc581woz1AL', 9, 'rerum', 'Porro officia reprehenderit aliquam eaque earum ad earum. Possimus eligendi similique sequi nihil. Architecto aliquam magni ipsum. Molestiae libero molestiae voluptatibus est saepe velit aut. Aut ipsam ipsam omnis tenetur non corrupti quas voluptatum.', '2021-12-30 04:58:58', '2021-12-30 04:58:58', NULL),
(6, '4MOuU6Dwli1VE4zjTHXlTF0JOrCfd2iE', 18, 'enim', 'Sequi nihil consequatur totam et voluptatem. Quo laudantium eum quia repellat quis sed.', '2021-12-30 04:58:58', '2021-12-30 04:58:58', NULL),
(7, 'Jp4n3B6k2Bc0PsWXLlOQ62OOiVhzdi6T', 9, 'natus', 'Eius dolore dolores voluptas reiciendis ullam eligendi voluptatem. Magni qui libero eum facilis est laudantium expedita.', '2021-12-30 04:58:58', '2021-12-30 04:58:58', NULL),
(8, 'nhA9Q6zmfCMI1SWRtInezje4J9Z6uEyq', 16, 'officiis', 'Voluptatum iure harum odio rem est ipsam. Qui veritatis et eligendi voluptatem mollitia qui. Totam veritatis esse dolorem qui et totam officia. Cupiditate assumenda voluptates earum in iusto.', '2021-12-30 04:58:58', '2021-12-30 04:58:58', NULL),
(9, 'gwR13KNRiKiSB544IIyGoDv18PFSjfiS', 16, 'cum', 'Accusantium at unde consequuntur molestias. Quia inventore praesentium minus aut explicabo sit.', '2021-12-30 04:58:58', '2021-12-30 04:58:58', NULL),
(10, 'M5cHwVWXsokhWy2DnsKFy22Nc5Ee6PXr', 19, 'itaque', 'Accusantium sunt in maiores error voluptatem earum. Quia sint unde architecto voluptatum quia amet. Omnis eum dolorem dolores pariatur necessitatibus sed. Repudiandae assumenda tempore quasi maxime maiores ut et eum.', '2021-12-30 04:58:58', '2021-12-30 04:58:58', NULL),
(11, 'j9kZ3EjEKooTQOEfkjMHNZAyJIqmfk4l', 14, 'tempore', 'Magni sequi molestiae aliquid non. Aperiam consequatur tenetur dignissimos dolor sit. Dolorum omnis consequatur et modi. Consequatur illum inventore in veniam sunt.', '2021-12-30 04:58:58', '2021-12-30 04:58:58', NULL),
(12, 'DL1YDHDiYkKxLc2DTYFiBxiE44xnUaS7', 15, 'temporibus', 'Vel commodi non consectetur quis maxime consequatur voluptatem. Praesentium sequi eaque voluptate quis. Suscipit consequuntur beatae corporis repellendus eligendi. Aut ipsum rerum quibusdam nihil. Eum eaque sit magni qui explicabo quia.', '2021-12-30 04:58:58', '2022-01-01 00:47:10', '2022-01-01 00:47:10'),
(13, 'ntjFxdS0PyawVGzvfrfjgP0bwPVe0AsN', 10, 'est', 'Eius pariatur voluptatem repellendus. Consequatur aut inventore et ab reprehenderit quia. Quidem corporis amet quia fugit consequatur.', '2021-12-30 04:58:58', '2021-12-30 04:58:58', NULL),
(14, 'WkIoR5Gu4HdRxGshd2Z3xWz3oUJ3063Y', 19, 'laboriosam', 'Est doloremque ut sapiente suscipit. Modi eaque repellendus quae ratione corrupti consequatur. Quasi corporis incidunt vitae.', '2021-12-30 04:58:58', '2021-12-30 04:58:58', NULL),
(15, 'NjkARFytCZtUXsZ7NdXyoUmJTTjDgiZp', 2, 'dolore', 'Enim maxime sed fugit minima. Totam vel sint veniam ex quo dolor. Et incidunt ut vitae id.', '2021-12-30 04:58:58', '2021-12-30 04:58:58', NULL),
(16, 'DdzBR4iAmA49dB0cGBTtVJ5x8IqGXloG', 1, 'cumque', 'Nostrum doloribus temporibus consequuntur qui vitae a. Sunt aut voluptas nihil mollitia. Sed eligendi alias ipsum deleniti consectetur autem. Natus quia ut est animi.', '2021-12-30 04:58:58', '2021-12-30 04:58:58', NULL),
(17, 'PHYiDzrENZSY8e6Pg0NJWBliaDuaIfbW', 6, 'repellendus', 'Repellat omnis consequatur quia. Velit vel rerum atque incidunt iste delectus rerum. Molestias autem qui voluptate praesentium ex. Laudantium reprehenderit laborum consectetur voluptate mollitia debitis.', '2021-12-30 04:58:58', '2021-12-30 04:58:58', NULL),
(18, 'ar32aVEMfFvQTuWsV2NLrZjC9MQPlzGH', 11, 'aspernatur', 'Quasi expedita eum nostrum eum. Mollitia quibusdam neque ea consequatur. Animi sed quia sint error voluptas officiis. Quibusdam dolor ut et soluta.', '2021-12-30 04:58:59', '2022-01-01 00:41:46', '2022-01-01 00:41:46'),
(19, 'zLY98d1WQczX66Fr63q4Z3YnM7PSmn0t', 12, 'rem', 'Voluptatem molestias nostrum quo dolorem sequi sed voluptatem sequi. Sint et ut tempora ducimus quo. Iste pariatur vitae maxime enim omnis culpa. Asperiores aspernatur asperiores molestiae quia.', '2021-12-30 04:58:59', '2022-01-01 00:43:07', '2022-01-01 00:43:07'),
(20, 'HOSHJ7hnx2gxrrgVjtDKaWLRDGktaT75', 12, 'totam', 'Et fugit nobis consequatur praesentium molestias. Repudiandae sunt aspernatur sit autem amet esse tempore reiciendis. Nobis vitae est quia aperiam. Doloribus quasi quaerat sapiente voluptates repudiandae.', '2021-12-30 04:58:59', '2022-01-01 00:43:09', '2022-01-01 00:43:09'),
(21, 'YNRAENFJiMvDmp0ufmGsDE4FFUauStKO', 19, 'perspiciatis', 'Molestiae magnam nam dolorem vero. Repudiandae ea ut modi corrupti recusandae qui saepe. Omnis iure corrupti perspiciatis aliquid exercitationem culpa vero.', '2021-12-30 04:58:59', '2022-01-01 00:43:11', '2022-01-01 00:43:11'),
(22, 'xRVwMshHPDRi451NuZpSxOS7haW8NwM7', 8, 'ad', 'Aspernatur nihil quos voluptatum eos ducimus a. Est at aspernatur quis cupiditate. Omnis provident asperiores architecto doloremque accusamus ut hic. Quaerat vel similique a qui porro eos assumenda.', '2021-12-30 04:58:59', '2022-01-01 02:57:56', '2022-01-01 02:57:56'),
(23, 'euaoxHXX8gic4Aw9TS2z7JBdetP6jQxq', 12, 'sint', 'Et repellat sunt et expedita. Ab molestiae molestias quia quaerat ducimus. Praesentium nisi aspernatur blanditiis corporis deserunt iure.', '2021-12-30 04:58:59', '2021-12-30 04:58:59', NULL),
(24, 'v5TfxgC69ToCGMn91iRhTqvEsqk2CvfA', 9, 'non', 'Molestiae qui est quas magnam quisquam voluptas. Est tempore cupiditate totam quidem quia quo deserunt. Et fuga labore aut odio.', '2021-12-30 04:58:59', '2021-12-30 04:58:59', NULL),
(25, 'VSPqTNMYBLRp3h1zSlXtghtbzApQwJ4x', 5, 'eligendi', 'Aperiam ut quae placeat fugit dolores numquam ut id. Et nostrum mollitia omnis at. Consectetur inventore perferendis similique quia consequuntur blanditiis dignissimos illo.', '2021-12-30 04:58:59', '2021-12-30 04:58:59', NULL),
(26, 'IOtIX1tt5PhhrKJriNczALj406oPCD9K', 13, 'quae', 'Blanditiis aut quas ut sunt consequatur. Illo quam maiores vero omnis.', '2021-12-30 04:58:59', '2021-12-30 04:58:59', NULL),
(27, 't79HEQaXpHs6Q1RsCVbqkpEEdnULHS6X', 5, 'id', 'Quibusdam expedita repudiandae voluptas quo sint praesentium quasi. Voluptatem facere et totam at eius nihil totam ipsam. Quisquam ullam sint accusamus. Fuga quia quod iusto molestiae perspiciatis et placeat.', '2021-12-30 04:58:59', '2021-12-30 04:58:59', NULL),
(28, 'FjP7QWp2jhRNrR3FKNygNkqEWw0pLJCK', 8, 'veniam', 'Quasi officiis sunt rerum totam enim. Odit ut sint officia doloribus sunt eum aliquid.', '2021-12-30 04:58:59', '2021-12-30 04:58:59', NULL),
(29, 'bvtbvB28tMg3krHRAXmYKX3w7twzst4x', 5, 'qui', 'Autem est molestiae id omnis at dolores. Voluptas sapiente iure blanditiis fugiat aut qui. Sunt quis in sed dolorem quis et est. Facilis laboriosam possimus placeat vel mollitia reiciendis. Error ut qui rerum quos impedit distinctio veritatis.', '2021-12-30 04:58:59', '2021-12-30 04:58:59', NULL),
(30, 'jwjWgkRoENk4boB16kXU7uOXgO3Wts5m', 10, 'esse', 'Quisquam ea est officia illo. Aut a velit hic consequatur ratione vel. Atque expedita perspiciatis et excepturi.', '2021-12-30 04:58:59', '2021-12-30 04:58:59', NULL),
(31, 'GsJdT5Js06i2GBOz0WEqvrMUS4HNGo2R', 17, 'libero', 'Nostrum maxime aut tempora quia. Atque ea qui ut sunt quod aut nesciunt. Eum placeat et nemo sunt eligendi.', '2021-12-30 04:58:59', '2021-12-30 04:58:59', NULL),
(32, '7jAEhVfHsgeoIGowD35HpMmGnzf3WkIP', 3, 'amet', 'Saepe similique id aspernatur asperiores. Vel amet consequuntur a vero nulla. Consequuntur voluptatem nesciunt et qui. Est quasi sed ipsam labore.', '2021-12-30 04:58:59', '2021-12-30 04:58:59', NULL),
(33, '72htutVOOeXtzXmHzPKDP78pmivT3Ngl', 20, 'repellat', 'Minus et molestiae accusantium blanditiis. Quia et ut aperiam nobis modi explicabo omnis. Neque porro harum aut dolore similique aperiam in optio.', '2021-12-30 04:58:59', '2021-12-30 04:58:59', NULL),
(34, 'zwlrLifKW5QJwevaVR6aasNC6A3tQXN0', 6, 'temporibus', 'Nemo beatae dolorem quo pariatur similique et. Incidunt magnam quis expedita nam est et. Delectus omnis nam et atque. Quibusdam voluptas vel vel minima ullam consequatur. Omnis hic aut nihil optio quos esse aut.', '2021-12-30 04:58:59', '2021-12-30 04:58:59', NULL),
(35, 'HI8Tulpeu4GVqEtMIc2zgNrtHaAzp4WK', 19, 'et', 'Vel aspernatur voluptas totam error omnis odio magni. Magni odit ea perferendis nostrum quo. Vel ipsam sint cupiditate ex vitae eum minus.', '2021-12-30 04:58:59', '2021-12-30 04:58:59', NULL),
(36, 'Xdgm8M4lijZjXwXm7RCr6lP9JGVTKApg', 7, 'quaerat', 'Quia nemo deleniti ratione itaque consequuntur. Porro est qui repudiandae possimus praesentium officiis saepe. Aut rem consequuntur labore sit sequi.', '2021-12-30 04:58:59', '2021-12-30 04:58:59', NULL),
(37, 'HVqCtioc8dJruQKwPvpiGb5A0r46T3OB', 8, 'enim', 'Accusamus ipsum culpa eveniet enim quia omnis velit corporis. At pariatur earum temporibus tenetur eligendi qui est magni. Rerum non placeat sit voluptatem distinctio. Quos nisi aut voluptas.', '2021-12-30 04:58:59', '2021-12-30 04:58:59', NULL),
(38, 'UD0QZSKbsuaiMo2yg3gem3hZ7xwzImuW', 15, 'eos', 'Iure exercitationem nemo nisi sunt deleniti mollitia voluptas. Dolore consequatur placeat et hic sit. Explicabo id nulla iste ut nesciunt quod explicabo similique. Id velit nesciunt ut illum ut.', '2021-12-30 04:58:59', '2021-12-30 04:58:59', NULL),
(39, 'bLtVNfuGwRkziorxC4QN202XSuyp01Le', 3, 'delectus', 'Temporibus at est et. Esse magni repellat vel. Beatae est corporis minus sed. Et accusantium sed doloremque ut quo. Reiciendis optio nulla nobis sit.', '2021-12-30 04:58:59', '2021-12-30 04:58:59', NULL),
(40, '9lX52G69KFqoYMeLjtG6dh8zh024bvav', 18, 'accusantium', 'Porro perferendis error minus qui rerum et quia. Aliquid ut dignissimos accusantium voluptas dolor. Porro aut harum sit illo error corporis reprehenderit. Dolor ipsam totam repudiandae error quisquam consequuntur ipsum.', '2021-12-30 04:58:59', '2021-12-30 04:58:59', NULL),
(41, 'HnHb1yNkfPyhFFd7qy541YAhcTR5jPlg', 9, 'unde', 'Rem optio quo quibusdam qui. Non consequatur corrupti sequi similique. Illo quibusdam sed qui placeat sed quod.', '2021-12-30 04:58:59', '2021-12-30 04:58:59', NULL),
(42, '71j4rYK1o3qB8EVQ555cbKTXJNtgnAZ3', 18, 'magnam', 'Voluptate enim facere voluptas recusandae aut enim. Repellendus debitis praesentium ut ut quasi iure. Fugiat et eligendi in. Neque a eum aut odit dolor.', '2021-12-30 04:58:59', '2021-12-30 04:58:59', NULL),
(43, 'o0AwBJVOTIvxz1QqyiDbAuPwBGJI0j1G', 12, 'quasi', 'Natus sint ut velit sequi voluptas. Voluptas reiciendis maxime vero ut recusandae. Vitae assumenda minus ducimus et vero.', '2021-12-30 04:58:59', '2021-12-30 04:58:59', NULL),
(44, '3BrD240tcx8GP4LPjDoHI4SGAMRWjV4F', 10, 'eligendi', 'Qui rerum enim ex ratione. Minima sit placeat repudiandae natus assumenda voluptatibus aut. Sunt illum repellendus repellat. Officia harum sint sint incidunt aut ea eum.', '2021-12-30 04:58:59', '2021-12-30 04:58:59', NULL),
(45, 'P2mwtW2wXN2IUUeLUnCEOoZK9eAPTGIv', 11, 'in', 'Qui aut ipsam illum qui qui ipsam. Voluptas expedita qui aspernatur. Doloremque distinctio et atque ullam id qui. Fuga itaque neque et accusantium.', '2021-12-30 04:58:59', '2021-12-30 04:58:59', NULL),
(46, 'rNDMKnBXyYFTZ3CT5ErSPpYdztHcyDxv', 19, 'quam', 'Itaque amet ullam amet impedit. Corporis ullam impedit enim ut eum et. Aut cumque magni a ut sed quis voluptas.', '2021-12-30 04:58:59', '2021-12-30 04:58:59', NULL),
(47, 'EOVfaXvgr4wYMQXs4aphBhZ5EAslJYta', 15, 'illo', 'Et ut ut dolor rerum nobis aspernatur dignissimos. Quia tempore inventore cumque modi ex quas aliquam vero. Ipsum quaerat minus omnis inventore nulla dolore dolores rerum.', '2021-12-30 04:58:59', '2021-12-30 04:58:59', NULL),
(48, 'cqJWFPorATaQuUfABTQa1JzDRtgR4mHb', 17, 'magnam', 'Fugiat amet aut excepturi voluptatum hic modi non. Tempore maxime et provident veniam ut. Ratione dolorum et quas nihil sint.', '2021-12-30 04:58:59', '2021-12-30 04:58:59', NULL),
(49, '1pqG3CEH5KAotUW34jO63JXU7i5cq5sQ', 13, 'nihil', 'Ea voluptatem mollitia aut. Veritatis dolorum veniam voluptatem aspernatur incidunt ullam. Corrupti adipisci laboriosam non neque occaecati consequatur commodi nostrum. Sit expedita odit non debitis omnis earum et.', '2021-12-30 04:58:59', '2021-12-30 04:58:59', NULL),
(50, '6kL5TLHJDTtOfsqW6CJlpAXuQthlKIgM', 20, 'tempore', 'Nesciunt libero tenetur voluptas dolorem in ut iste sequi. Facere similique est laudantium nisi quia ipsam nulla eum. Molestiae tenetur praesentium consequatur ducimus.', '2021-12-30 04:58:59', '2021-12-30 04:58:59', NULL),
(51, 'Qng9lC15dXNvHGmZOgxbS043zmgCIVd0', 17, 'Chanda Ruiz', 'Quos adipisci sint e', '2022-01-01 23:00:29', '2022-01-01 23:00:29', NULL);

-- --------------------------------------------------------

--
-- Table structure for table `migrations`
--

CREATE TABLE `migrations` (
  `id` int(10) UNSIGNED NOT NULL,
  `migration` varchar(255) COLLATE utf8mb4_unicode_ci NOT NULL,
  `batch` int(11) NOT NULL
) ENGINE=InnoDB DEFAULT CHARSET=utf8mb4 COLLATE=utf8mb4_unicode_ci;

--
-- Dumping data for table `migrations`
--

INSERT INTO `migrations` (`id`, `migration`, `batch`) VALUES
(1, '2014_10_12_000000_create_users_table', 1),
(2, '2014_10_12_100000_create_password_resets_table', 1),
(3, '2021_12_19_112847_create_product_types_table', 1),
(4, '2021_12_19_112908_create_categories_table', 1),
(5, '2021_12_19_112956_create_products_table', 1),
(6, '2021_12_21_095613_create_agents_table', 1);

-- --------------------------------------------------------

--
-- Table structure for table `password_resets`
--

CREATE TABLE `password_resets` (
  `email` varchar(100) COLLATE utf8mb4_unicode_ci NOT NULL,
  `token` varchar(255) COLLATE utf8mb4_unicode_ci NOT NULL,
  `created_at` timestamp NULL DEFAULT NULL
) ENGINE=InnoDB DEFAULT CHARSET=utf8mb4 COLLATE=utf8mb4_unicode_ci;

-- --------------------------------------------------------

--
-- Table structure for table `products`
--

CREATE TABLE `products` (
  `id` bigint(20) UNSIGNED NOT NULL,
  `_key` varchar(32) COLLATE utf8mb4_unicode_ci NOT NULL,
  `category_id` bigint(20) UNSIGNED NOT NULL,
  `name` varchar(255) COLLATE utf8mb4_unicode_ci NOT NULL,
  `description` text COLLATE utf8mb4_unicode_ci,
  `created_at` timestamp NULL DEFAULT NULL,
  `updated_at` timestamp NULL DEFAULT NULL,
  `deleted_at` timestamp NULL DEFAULT NULL
) ENGINE=InnoDB DEFAULT CHARSET=utf8mb4 COLLATE=utf8mb4_unicode_ci;

--
-- Dumping data for table `products`
--

INSERT INTO `products` (`id`, `_key`, `category_id`, `name`, `description`, `created_at`, `updated_at`, `deleted_at`) VALUES
(1, 'PITIngSZS4f0RS6aQfbtX6posnfd96yv', 11, 'itaque', 'Sit sunt iure voluptas nihil. Unde et sit et rerum quia dolorem nesciunt et. Enim consequatur quisquam ut labore enim. Doloremque et consectetur eum dolorum architecto voluptatem earum. Aut ipsam corporis maiores dignissimos cupiditate aliquam. Vel suscipit sunt illum.', '2021-12-30 04:58:59', '2021-12-30 04:58:59', NULL),
(2, 'FPhgwCvojn6D8vtDaZy0pnY5RLzUixOV', 48, 'velit', 'Et veniam totam perspiciatis velit et. Ipsum fugiat quod consequatur. Inventore earum ut ut accusantium ut qui. Aut accusantium et maiores hic sunt. Adipisci animi dolor eum voluptate sequi.', '2021-12-30 04:58:59', '2021-12-30 04:58:59', NULL),
(3, 'sEgUqRjKXlRIBjWZ35we3BVKW9kr4ihe', 42, 'laudantium', 'Accusantium debitis sint illo reiciendis nostrum minima quo. Dolores itaque qui doloribus sequi voluptate quis. Rerum nobis nostrum quia cumque. Labore quia ullam facere ipsa rerum modi. Est qui dignissimos molestiae velit molestiae. Perspiciatis eveniet tenetur et corporis voluptas voluptatem excepturi. Ex et laborum at similique odio eaque excepturi.', '2021-12-30 04:58:59', '2021-12-30 04:58:59', NULL),
(4, 'rLAz2O3RIlxgVaSykLx7fe18It4WvlAr', 22, 'labore', 'Nesciunt beatae iste dolorum omnis. Commodi eius amet velit quis in. Eum laborum sunt dolor impedit est sed quidem. Sapiente voluptatem totam perspiciatis et sint corporis libero quia. Illum sint temporibus suscipit quaerat fuga possimus aut.', '2021-12-30 04:59:00', '2021-12-30 04:59:00', NULL),
(5, 'dklkDrJW49leyLjq12KNQDw6piGRRT9I', 43, 'hic', 'Ab delectus dolorum natus dolorem. Et et eos qui cumque. Animi commodi aliquam amet enim. Minus ut sint consequatur voluptas.', '2021-12-30 04:59:00', '2021-12-30 04:59:00', NULL),
(6, 'FmW3M9MtdSKC54uhEt0NA8lvmDqx8OR8', 9, 'quis', 'Temporibus deserunt omnis sint nisi maxime corrupti laboriosam. Ea est hic aut iusto. Eaque eligendi quisquam quo ullam adipisci veniam. Qui exercitationem quia quod quisquam ex nihil architecto. Cum tenetur ea non harum nihil magnam. Officia et dolorum qui incidunt consequatur porro quam dolor. Voluptatibus rerum provident minus consequatur dolores amet consequuntur.', '2021-12-30 04:59:00', '2021-12-30 04:59:00', NULL),
(7, 'rGph93WRhPShASbhKeyLmPHrlIuzEe1U', 48, 'est', 'Velit velit magnam reiciendis quia. Ducimus vero occaecati exercitationem qui voluptate rerum quis. A ducimus omnis repudiandae qui. Earum numquam quidem illum ullam cumque in blanditiis. Culpa eum distinctio velit delectus explicabo ipsa.', '2021-12-30 04:59:00', '2021-12-30 04:59:00', NULL),
(8, 'JPF2sWzuA5MFndbhEGIlU5UqkkWCnyeG', 23, 'eaque', 'Doloremque assumenda fuga ipsum nihil impedit ipsa. Dignissimos odio incidunt natus quia. Optio cum recusandae iusto aut perspiciatis. Officia ex ab praesentium delectus numquam.', '2021-12-30 04:59:00', '2021-12-30 04:59:00', NULL),
(9, '9Kn9fsTYaVAu9ysBEN1c9AZlJZeWFRMH', 33, 'et', 'Esse sequi est repellendus aspernatur omnis voluptatem. Sed repellat ab aperiam magni maxime odit nemo. Totam vel sunt quasi expedita rerum. Id sit error recusandae aliquid repudiandae illum. Possimus voluptatibus voluptate nam cupiditate quo nemo. Explicabo atque qui corporis natus voluptatem atque.', '2021-12-30 04:59:00', '2021-12-30 04:59:00', NULL),
(10, '6CHYenIZoiI9tPJgviBhoxGdNSMBb9u2', 18, 'placeat', 'Sit voluptas culpa harum repellendus. Occaecati perferendis rem qui est ab. Voluptatem enim omnis quod autem itaque velit et atque. Aut nihil autem a iure. Tempora quisquam voluptatem laboriosam harum architecto dolorum aperiam.', '2021-12-30 04:59:00', '2021-12-30 04:59:00', NULL),
(11, 'nz3AjVaHX6IdnHWN2844WGP54V7KLkdp', 21, 'ut', 'Vero facilis aut assumenda modi. Impedit velit voluptatum neque culpa quia voluptatem. Inventore sint non numquam corporis architecto in et. Quo id minima qui et commodi. Velit sapiente deserunt facilis veritatis sit dicta aut. Facere possimus eum doloribus ut non consequuntur esse.', '2021-12-30 04:59:00', '2021-12-30 04:59:00', NULL),
(12, 'RDxyFg0vPvE13tEyzMYZeX58XNQk2O69', 47, 'et', 'Temporibus omnis similique sapiente earum nobis sequi eveniet. Earum qui sint cupiditate laborum voluptatum cum. Ea natus velit vel culpa sit mollitia. Non et et possimus eum quo.', '2021-12-30 04:59:00', '2021-12-30 04:59:00', NULL),
(13, 'eShEzfTMYDkqzfBTSa7DGNReCdXIp7lA', 45, 'corporis', 'At ipsum molestias ducimus voluptatem occaecati praesentium. Tenetur enim dolores rerum reiciendis mollitia omnis quam. Modi enim officiis id perferendis. Rerum perspiciatis fugiat maxime alias. Deserunt rerum ipsam sint aut doloremque non.', '2021-12-30 04:59:00', '2021-12-30 04:59:00', NULL),
(14, 'Kj1vMhgWj8AERVStGcXrFh6aNbBVM08U', 37, 'voluptas', 'Voluptatum ut accusantium neque porro voluptatem modi reprehenderit. Sed in nesciunt dolores. Vel illo placeat non quibusdam. Aliquid ut molestiae nostrum a voluptatem fuga facilis.', '2021-12-30 04:59:00', '2021-12-30 04:59:00', NULL),
(15, 'hN0M94wkAXkMPBgBe7t3HM4pwuE3ZUwM', 26, 'itaque', 'Hic sit omnis sint sit sapiente. Repudiandae id natus vel officiis labore ipsum eos. Aperiam enim sed sed ipsa harum officia dignissimos. Et voluptatibus maxime rerum dolores et architecto.', '2021-12-30 04:59:00', '2021-12-30 04:59:00', NULL),
(16, 'UoMOnE8vxTTNfUgZkVtlJpupn6S6Fsi6', 50, 'sunt', 'Ut unde distinctio et totam beatae et. Delectus tempore neque saepe quia aut dolor. Odit sed tempore voluptatibus nam consequatur a rem. Consequatur assumenda laboriosam cum vel. Alias incidunt earum quo eligendi.', '2021-12-30 04:59:00', '2021-12-30 04:59:00', NULL),
(17, 'vdry3nV172cxS8npZ3QtEziYiGwrkBo4', 41, 'est', 'Et maiores mollitia qui cumque adipisci. Ea vitae quos unde ad. Nostrum et possimus dicta tenetur ex iste. Et natus ut illo ut delectus. Possimus fuga laudantium voluptate voluptas expedita. Eos repellendus vel suscipit. Ut est quas magnam in omnis.', '2021-12-30 04:59:00', '2021-12-30 04:59:00', NULL),
(18, '8ojfEvR3yj8zQkmMgnwTOqX61SRS7WyV', 9, 'cum', 'Assumenda quidem quisquam aut qui corporis vero aut. Tempora dolore maiores doloribus sit magni ut ratione. Quas modi recusandae quae. Sapiente mollitia perferendis commodi voluptate. In dicta delectus tenetur cupiditate dolorem aut fugit. Voluptatem minus quo magnam esse velit porro quidem eligendi. Odit officia est magni qui nam sed.', '2021-12-30 04:59:00', '2021-12-30 04:59:00', NULL),
(19, 'Sh2BNaSibstd8UvlU2Qe2m5H0AhHHp5r', 15, 'modi', 'Natus nulla doloribus delectus numquam et. Quae iste soluta necessitatibus porro. Consequatur possimus voluptatem beatae assumenda qui iusto. Beatae incidunt eos aut harum quis maiores. Aspernatur et quia voluptatem aliquid velit sint. Eaque sed placeat qui aut veritatis eius tempora. In eligendi occaecati tempore voluptas et est omnis.', '2021-12-30 04:59:00', '2021-12-30 04:59:00', NULL),
(20, '8BznpgF2alZE5TVTMirzM1YpSmpcmi92', 32, 'et', 'Aperiam consequatur nesciunt debitis quia. Hic quo autem quia expedita accusantium. Saepe architecto similique quidem aliquam quas et. Fugit tempora est quisquam et ea et sint. Sunt id ratione velit. Adipisci qui ut necessitatibus deleniti quas eligendi. Est sed deserunt quae pariatur.', '2021-12-30 04:59:00', '2021-12-30 04:59:00', NULL),
(21, 'DKZjq74CjdiRkzj1J9rdf31gjrkt5nIQ', 48, 'assumenda', 'Perferendis quae explicabo hic est neque. Tempore eaque sed est omnis eum cumque possimus. Eum distinctio iusto explicabo. Earum sunt quae voluptatem vero atque consequatur. Sunt et placeat consectetur laborum.', '2021-12-30 04:59:00', '2021-12-30 04:59:00', NULL),
(22, 'sIZOZ34dZcAlIvv8fKCzsQhguE4M4UBt', 23, 'fugiat', 'Voluptas enim nobis sequi sed. In sed id architecto vero quaerat sit. Deserunt exercitationem aut rerum eveniet eligendi ipsam. Dolor dolorum odit doloremque cumque. Omnis cumque error et optio.', '2021-12-30 04:59:00', '2021-12-30 04:59:00', NULL),
(23, 'iDNyVDYNbykNFHWZJAoXWyfzXWtvljai', 43, 'quod', 'Nam ut molestias a dolor animi odio omnis. Et culpa accusantium ratione ipsa a rem nesciunt. Adipisci ratione enim aut sequi recusandae nisi est eos. Aut ipsa est consequuntur mollitia dolorem vero. Voluptatum dolorem cupiditate dolores ut. Deleniti iusto soluta dolor.', '2021-12-30 04:59:00', '2021-12-30 04:59:00', NULL),
(24, 'jHEHxtSDI9mCzWDbtVhAWCwT8fqJ7xFv', 33, 'consequatur', 'Eum qui totam aut voluptatibus et nihil. Ab possimus numquam temporibus id iure ipsam delectus. Laboriosam pariatur veniam placeat iure cumque aut. Qui est et molestiae iure ratione.', '2021-12-30 04:59:00', '2021-12-30 04:59:00', NULL),
(25, 'jnqtf5oWRXv3r1u9M9c3DeUD94PeiqxZ', 39, 'non', 'Sit eos illum et magni porro. Provident maiores expedita possimus sit. Ipsam voluptas voluptatem numquam iusto sint. Non minus est minima quod est consequatur. Et et sit eum. Est illum sint quibusdam ut. Quisquam id illo expedita.', '2021-12-30 04:59:00', '2021-12-30 04:59:00', NULL),
(26, 'AgCp9t5OQUVcKYXXu8gpahgiO5RQJyI8', 48, 'et', 'Qui qui voluptatem nulla reiciendis quisquam et quia qui. Rerum perspiciatis et pariatur necessitatibus. Quos voluptatum ipsam ut vitae non ut. Explicabo veniam est dolorum est minima optio et laborum. Praesentium eius dicta officiis est magnam laborum. Voluptate dolorum magni officia perspiciatis sint reiciendis et.', '2021-12-30 04:59:00', '2021-12-30 04:59:00', NULL),
(27, 'TlFogz1MiX3zE9dMAJfGLReO1sJ4HAlN', 19, 'incidunt', 'Labore aperiam eveniet laudantium dolores nam. Distinctio facere officiis quia hic repudiandae provident voluptas ipsa. Ad quae et et velit voluptates qui. Nihil praesentium quia et excepturi eligendi. Officiis ea sit corrupti doloremque qui facere aperiam.', '2021-12-30 04:59:00', '2021-12-30 04:59:00', NULL),
(28, 'eaJDDNLz3lOMoyifLrz92XefPS2BdtQo', 34, 'et', 'Amet suscipit quis fuga perspiciatis est totam sed. Harum fuga veniam blanditiis non ab iusto. Quasi nostrum et voluptatum. Vero voluptatem mollitia a velit rem culpa occaecati omnis. Vitae eos asperiores alias consectetur voluptas in enim. Magni distinctio odio veritatis harum.', '2021-12-30 04:59:00', '2021-12-30 04:59:00', NULL),
(29, 'JgBZtUNvL11KGnyFB1qo3BAs0cO4Wlwi', 32, 'voluptas', 'Nisi repudiandae sequi omnis sunt esse qui alias. In distinctio eum omnis sunt ut eum in. Rerum corrupti consequatur eaque repellat harum possimus impedit. Vitae delectus qui est blanditiis facilis quas soluta placeat. Quia est asperiores non sequi incidunt ullam earum. Voluptatem sed in voluptatem eius rerum soluta.', '2021-12-30 04:59:00', '2021-12-30 04:59:00', NULL),
(30, 'dLQ5Mb1lPTI9k9w08rajpGr0ys5qonVE', 15, 'provident', 'Consequatur doloremque consequuntur earum maiores. Omnis atque nemo dolore. Reiciendis repellat sequi accusamus dignissimos officia sapiente rerum ex. Ut harum quia dolor non. Quibusdam iste rerum laboriosam.', '2021-12-30 04:59:00', '2021-12-30 04:59:00', NULL),
(31, '7pXDUARyGZc4bKKzvgkghK3l4mskSG7Q', 29, 'quibusdam', 'Rerum voluptatem repudiandae omnis possimus quam aut repellendus. Quidem inventore sint aperiam incidunt aut. Nulla non reprehenderit laudantium. Cupiditate dolore magni tenetur incidunt omnis dicta eum.', '2021-12-30 04:59:00', '2021-12-30 04:59:00', NULL),
(32, 'w3QopdKhboriTcUxoBFbMojeX7VWYBLQ', 8, 'illum', 'Sint accusamus nihil rem. Non ab autem ut blanditiis natus voluptates aut. Error molestiae excepturi aliquid consequatur sed quia. Eum ea cupiditate nihil non qui esse natus voluptatem. Asperiores consequatur nesciunt quia.', '2021-12-30 04:59:00', '2021-12-30 04:59:00', NULL),
(33, 'WMrqYLBvwyLpEXbVKQQAAmwwED91ALji', 48, 'non', 'Officia libero et pariatur laborum. Est quis perspiciatis molestiae repellendus unde. Porro ea autem quia. Sint adipisci eveniet et dolor. Minima nostrum voluptatem accusamus magni voluptas eligendi vel minus. Et qui animi nesciunt inventore nisi et. Ut magnam sunt doloremque nulla.', '2021-12-30 04:59:00', '2021-12-30 04:59:00', NULL),
(34, 'E4pGYhQfW8PrCObNOPrtsUDpgRftys0F', 48, 'odit', 'Fugiat deleniti perspiciatis unde sunt eum dolor aliquam. Totam perspiciatis temporibus dolores quos ullam autem minus. Error autem id dolorem est voluptatibus nulla. Mollitia expedita quia molestias aut ut corporis et. Incidunt exercitationem modi blanditiis consequatur et officiis.', '2021-12-30 04:59:00', '2021-12-30 04:59:00', NULL),
(35, 'FoLbEDSPF5f4E0Ubyi61lpYwSpQPIjOJ', 8, 'harum', 'Tempore delectus maiores accusantium repellat sit. Sit reiciendis sapiente qui. Quibusdam laboriosam delectus consectetur quae. Rerum esse numquam minima voluptatem deleniti quis impedit.', '2021-12-30 04:59:00', '2021-12-30 04:59:00', NULL),
(36, 'jPjDZTkeJCStw1LYoaTz0T5A4YHlHAbK', 26, 'et', 'Itaque omnis culpa dignissimos et voluptas itaque. Et consequatur debitis quaerat reprehenderit. Aut animi enim pariatur atque ducimus et voluptates minima. Adipisci est voluptas doloribus ut.', '2021-12-30 04:59:00', '2021-12-30 04:59:00', NULL),
(37, 'WvjASoRur9kBv4XEZr9ny0mOnw8fQPIq', 19, 'fugiat', 'Velit quae consequatur et accusamus corrupti sit. Hic illum sed assumenda ad et sed. Quia doloremque nihil blanditiis est ex. Debitis velit ad nemo perspiciatis dolorem. Et molestiae perferendis tempora ullam aliquid eligendi quasi. Occaecati rerum id praesentium rerum rem id blanditiis nulla.', '2021-12-30 04:59:00', '2021-12-30 04:59:00', NULL),
(38, 'NsWnzTtc62pSIM2n5x7s4yjmdAZQXMCq', 19, 'provident', 'Sit fugiat quia qui. Sit rerum enim quia. Eligendi ab ipsum accusamus distinctio reiciendis et ipsa. Delectus voluptatum facilis totam suscipit facilis commodi ut. Inventore asperiores ducimus sint velit. Velit et doloribus adipisci voluptates aspernatur neque ab. Illum explicabo asperiores voluptas enim impedit sunt.', '2021-12-30 04:59:00', '2021-12-30 04:59:00', NULL),
(39, 'hozNV1VykQ3DmJbMDnBHtiPobjFWI8uV', 50, 'libero', 'Omnis culpa quam animi. Omnis eum omnis a id impedit. Et est assumenda quia expedita quas nulla. Consectetur quis beatae doloremque mollitia commodi aliquid maiores dignissimos. Officiis consequatur unde molestias qui. Ipsa vel blanditiis ratione sunt odit nihil ut iure.', '2021-12-30 04:59:00', '2021-12-30 04:59:00', NULL),
(40, 'yKkrdEgL6m8hIP6lsyvIt81ilz2UwC9z', 23, 'quisquam', 'Doloribus ex quasi nam accusantium eaque. Eos sunt hic blanditiis voluptatum. Rem facere dicta eligendi expedita et maiores. Laboriosam eaque harum optio et.', '2021-12-30 04:59:00', '2021-12-30 04:59:00', NULL),
(41, 'nYo1xMNtunpYKhDEiwBqE0s0OIR5YTvc', 16, 'consequatur', 'Et excepturi alias quod ex. Vel sequi amet quae officia mollitia esse beatae ducimus. Facere quisquam libero natus a omnis. A perferendis voluptatum nulla et.', '2021-12-30 04:59:00', '2021-12-30 04:59:00', NULL),
(42, 'NHmA58HyfH2uCSIcXbRKI6OR1zVGw9Wm', 3, 'dolor', 'Rerum aut velit asperiores consequatur. Aliquam sunt sit fugiat et. Laboriosam qui quaerat totam sit sed debitis aut. Quidem quo est est modi nobis aut culpa. Fuga consequuntur excepturi eos maiores nulla.', '2021-12-30 04:59:01', '2021-12-30 04:59:01', NULL),
(43, 'PDMFO88zH7ahcGuLE5v8YhflLyElcPMw', 5, 'rerum', 'Dolorem ex reiciendis recusandae illo doloremque voluptas aliquid. Saepe ea soluta dolorem perspiciatis sapiente voluptatem. Autem rerum et corrupti aut veritatis totam reiciendis. Non dolor quis quibusdam.', '2021-12-30 04:59:01', '2021-12-30 04:59:01', NULL),
(44, 'M1fsAD2wcTiulbhOyBr5816dlarwc2vV', 43, 'adipisci', 'Culpa at voluptatem provident. Fugiat qui perspiciatis voluptates rerum eligendi et. Laborum harum minus non adipisci. Commodi quae provident voluptatem distinctio quae omnis. Iusto sit unde deleniti nobis aut. Eos eum magnam corporis laboriosam aut qui dolor. Alias odit voluptates voluptatem ducimus ducimus.', '2021-12-30 04:59:01', '2021-12-30 04:59:01', NULL),
(45, 'KM0yXIEgQS2uEAzu2jrPZYhcCHnFcAOf', 23, 'nesciunt', 'Dolores quae eos id eos ipsum. Porro autem voluptatem magnam repudiandae quo odio rerum dicta. Et quis dolores excepturi aut itaque. Magnam molestiae blanditiis reiciendis dolores repellat.', '2021-12-30 04:59:01', '2021-12-30 04:59:01', NULL),
(46, '91BL9KjqGh9ewq6sUHdDEBPcMXSFvVbj', 11, 'molestiae', 'Ducimus sequi et quas dolor nemo dolore et aut. Sequi voluptatum voluptate dolorem odio excepturi est repudiandae. Quis nihil dolorum voluptatum quisquam quis molestiae. Illo ut unde consequatur illo. Soluta illo consequuntur et maiores. Sit nostrum perferendis a a officiis et.', '2021-12-30 04:59:01', '2021-12-30 04:59:01', NULL),
(47, 'Zo9DbwbD90s2THI8BVRm27zKeorHcRim', 9, 'molestiae', 'Assumenda maiores dolores molestiae eos nulla. Et fuga sequi adipisci sit illum consequuntur. Et non ut beatae. Ut magni quis quo nemo laboriosam repudiandae. Debitis occaecati est aut esse quos quae. Voluptatem aut et et officia voluptatum veritatis molestiae et.', '2021-12-30 04:59:01', '2021-12-30 04:59:01', NULL),
(48, '0mEAS0zubIoQgOqg01MdfCnXQaJy2yRG', 3, 'voluptatum', 'Doloribus autem sed tempora beatae magnam minima explicabo magni. Nemo aut ea eius dolorem cum. Occaecati aut velit eaque voluptas animi et. Ullam vitae nemo nihil et amet corporis.', '2021-12-30 04:59:01', '2021-12-30 04:59:01', NULL),
(49, '2cp0poDr5NpXXfCVpngfpgiw0GSt3AWa', 29, 'ad', 'Beatae omnis ipsa nemo impedit iure provident sed. Occaecati autem ex doloribus deleniti itaque adipisci eveniet dolore. Ut ullam nisi dicta deleniti asperiores. Modi vel et officiis veniam officia debitis.', '2021-12-30 04:59:01', '2021-12-30 04:59:01', NULL),
(50, 'Wvvuhl2Fp1E36Usmy2zmzztMjXxccYNq', 19, 'voluptatum', 'Perspiciatis iure voluptatum in quo qui est. Accusantium perferendis ex itaque quos sit omnis. Mollitia quam delectus error porro. Dolore quasi voluptas consequatur occaecati voluptatem ut. Qui et non sed voluptatem voluptas.', '2021-12-30 04:59:01', '2021-12-30 04:59:01', NULL),
(51, '1vMTFcBuYVm5ZIjVNwOgGk9M88TRFtmx', 21, 'incidunt', 'Eaque modi et dolorem tenetur aliquam facilis dolores. Voluptatem perspiciatis et nam magnam. Facere non officia aspernatur ratione. Voluptate eos eaque inventore non quia. Impedit quod voluptate qui maiores magnam. Reprehenderit maiores omnis nobis incidunt non doloribus aut. Aperiam aut alias culpa autem soluta sint et labore.', '2021-12-30 04:59:01', '2021-12-30 04:59:01', NULL),
(52, 'xiS5tVSgW7AkK5jOxECCZrL1WSIH1wwO', 2, 'ipsum', 'Explicabo nam expedita vitae sit in veniam voluptatum voluptates. Rerum omnis et odio. Qui sed unde a corrupti fugiat aut nihil. Quia rerum sequi consequatur officiis.', '2021-12-30 04:59:01', '2021-12-30 04:59:01', NULL),
(53, 'HHtJv3nQptvsy42flfXCJsSDIrk3V2EV', 4, 'quia', 'Eligendi sunt quia sapiente eum quod officiis dolore. Fugit consequatur assumenda commodi placeat. Voluptate dignissimos explicabo ipsam quasi amet et adipisci. Quasi debitis doloribus minus reprehenderit eos consequatur reprehenderit. Repudiandae saepe fugiat eum non tempore. Fugiat architecto quis veniam alias repellat debitis.', '2021-12-30 04:59:01', '2021-12-30 04:59:01', NULL),
(54, 'gxRD94OzFGNQJtL4LpH2kW6meb30LRgY', 50, 'occaecati', 'Nemo eius eaque ab blanditiis consequuntur animi similique omnis. Occaecati possimus ea aliquid doloremque omnis totam voluptas. Rerum nemo sunt voluptatem ullam voluptate culpa. Beatae explicabo nobis provident qui delectus. Et error est enim quia facilis. Ut in maxime repellendus voluptas. Eaque quo non soluta velit.', '2021-12-30 04:59:01', '2021-12-30 04:59:01', NULL),
(55, 'yTOjrX8A08tBTDHKYqpcAdMEtDVZB7zS', 20, 'voluptates', 'Illo eum sit non magnam. Nulla et non dolores sed. Veritatis consequatur optio itaque ab harum libero et. Possimus omnis et distinctio quisquam ratione ea.', '2021-12-30 04:59:01', '2021-12-30 04:59:01', NULL),
(56, 'TXMWjRUECq1x0rYGgAbdInW9KIyX6QNA', 15, 'ipsum', 'Eos dicta placeat placeat fugiat culpa. Rem minus minima voluptas animi. In explicabo labore fuga ut ut debitis id iusto. Quam modi numquam laudantium aliquam sit. Consequatur autem quae labore quae.', '2021-12-30 04:59:01', '2021-12-30 04:59:01', NULL),
(57, 'r9ewc9ZfWA0jAjiEjsNOH120d7dj1dpz', 8, 'quis', 'Recusandae consequatur dolor placeat. Possimus qui voluptatum vel ut architecto maiores. Est voluptate soluta ut facilis impedit dicta est. Quo quae totam omnis magnam doloremque odit voluptatem. At impedit alias commodi est vitae. Quae repellat error aliquid.', '2021-12-30 04:59:01', '2021-12-30 04:59:01', NULL),
(58, 'dJq9eqI5ydw7tvV3WFnfoEdN2yGYAVcC', 45, 'fuga', 'Vero quia ad totam et aliquam qui. Quo ad doloremque nisi qui aspernatur autem. Eveniet iure expedita perferendis sed animi ex fugit. Non voluptatem cum ea accusantium non vel. In minus minus aspernatur assumenda.', '2021-12-30 04:59:01', '2021-12-30 04:59:01', NULL),
(59, 'Wy0G8wiP9QqYTwk6if2jLwQH7dDDMkdE', 39, 'velit', 'In excepturi ut consequatur aut. Et sed est velit sit facilis harum et. Debitis dolorem sint ut qui sunt aut aspernatur. Optio beatae sit ex at doloremque tempora et ut. Molestias perferendis iusto incidunt ut deleniti vero. Beatae at voluptatum error veniam placeat.', '2021-12-30 04:59:01', '2021-12-30 04:59:01', NULL),
(60, 's9hUvuFa010H1SbQElAnIYUOe9ThD6Rl', 10, 'non', 'A nihil molestiae possimus sit et. Eligendi doloremque qui alias. Quia dolorum quis quia autem. Sint explicabo voluptatem quo aut expedita repellat ducimus. Nulla earum et officia. Quidem earum quos vel in velit eos voluptas reiciendis.', '2021-12-30 04:59:01', '2021-12-30 04:59:01', NULL),
(61, '8dNNGn5BSDj8UzDQA2GhvujBuHd6hkkX', 48, 'voluptatum', 'Et quos quisquam nulla incidunt quis animi quo. Maxime totam unde similique doloribus. Natus et amet laboriosam fugiat quia. Voluptas aliquid ipsam expedita. Similique qui assumenda velit autem molestias dolor aperiam. Aspernatur inventore modi perferendis. Enim fugit consequatur facilis molestiae ea excepturi commodi fuga.', '2021-12-30 04:59:01', '2021-12-30 04:59:01', NULL),
(62, 'KNi1OI2gCOcjHYwuF9RLiFmMW7pBIuDY', 43, 'architecto', 'Consectetur velit itaque earum autem suscipit. Nihil sed aut delectus vero quaerat vel voluptatibus alias. Corrupti eligendi debitis in cumque totam quaerat sint perspiciatis. Necessitatibus nobis aliquam sint perferendis. Quaerat odio adipisci asperiores dicta rerum fuga. Et similique iusto consequatur nihil voluptatibus. Quo possimus id saepe quas enim omnis.', '2021-12-30 04:59:01', '2021-12-30 04:59:01', NULL),
(63, 'y7o6rilhGW46W3zUO1Pisjlci158j1b2', 28, 'non', 'Aperiam esse velit numquam cumque mollitia soluta voluptas. Aut porro ad voluptatem dolore officia reprehenderit. Sint voluptas aperiam non vel. Eum consequatur rerum nobis ex nesciunt. Suscipit sequi eveniet nihil sed consequatur quam.', '2021-12-30 04:59:01', '2021-12-30 04:59:01', NULL),
(64, 'rX4UiQBjNG5uOwq8L01DTmv45YXAbCxY', 45, 'id', 'Et saepe ipsam voluptatum qui ut sit rem. Officia ad quo nulla aut rerum. Qui occaecati ullam voluptas eaque dolores dolorem magni nihil. Aperiam sequi et ut necessitatibus sit rem voluptatem sit. Nihil qui suscipit quisquam non. Laborum voluptatem aut eaque atque.', '2021-12-30 04:59:01', '2021-12-30 04:59:01', NULL),
(65, 'B6wiard65Nrm1QDPmaNDYszW78GKPvgL', 13, 'ea', 'Unde excepturi blanditiis dicta maiores aperiam quod. Minima soluta aut non est enim optio. Nostrum mollitia rerum sint suscipit similique sed expedita. Autem quae totam et quia saepe modi libero id. Qui eos quos provident reiciendis enim.', '2021-12-30 04:59:01', '2021-12-30 04:59:01', NULL),
(66, 'zJN7nhJuN6oixCtjApQdRQmlHlVh57rx', 50, 'asperiores', 'Officia odio dolor saepe et sequi itaque. Tenetur necessitatibus unde natus minima praesentium. Ut dolor aut consequatur et repudiandae. Aut officia molestiae deserunt nihil.', '2021-12-30 04:59:01', '2021-12-30 04:59:01', NULL),
(67, 'YAxqTAQ5ejIAuOff9jvLKQch27pBEB2r', 38, 'facilis', 'Dolor in cum officiis totam. Soluta ad quidem explicabo animi dolores aut rerum. Quia perferendis qui dolore sint. Reiciendis odio recusandae sint non omnis rem. Dolor quam enim eaque rerum. Blanditiis quo doloremque rerum debitis illum ea eaque quas.', '2021-12-30 04:59:01', '2021-12-30 04:59:01', NULL),
(68, 'GZr8UozJcxwr5Ks7I4OMLSnhtqgL8prj', 29, 'in', 'Iste aperiam ratione nam deserunt soluta. Omnis aut optio magnam omnis qui sit soluta. Perferendis veniam quisquam ipsum minima omnis facere non vero. Suscipit quis at necessitatibus ex est laboriosam qui. Eum omnis repellat qui sint quae. Et vero similique quidem qui praesentium aut saepe.', '2021-12-30 04:59:01', '2021-12-30 04:59:01', NULL),
(69, 'AUMjFBNUkFMC1S5IW9NCnv1GLa0M9bGH', 16, 'rem', 'Blanditiis velit nihil et et eligendi accusantium. Odio atque est magni vitae aliquid ut cupiditate. Quos voluptatem laboriosam architecto. Quia earum occaecati quibusdam sed sint earum omnis laboriosam. Cumque cupiditate est corrupti adipisci fuga. Quasi optio nesciunt qui rerum non ratione. Incidunt et dignissimos quam quis beatae nisi illum. Adipisci dignissimos ipsum dolor atque ut aut.', '2021-12-30 04:59:01', '2021-12-30 04:59:01', NULL),
(70, 'bnSSEysAszeUM2htN2HMnvxeiZnER6jh', 4, 'eligendi', 'Rerum asperiores sed consequatur mollitia quia dolores incidunt. Animi fuga iste aliquam. Earum molestiae eos voluptatibus doloremque praesentium est iure. Dolor eos et et velit molestiae.', '2021-12-30 04:59:01', '2021-12-30 04:59:01', NULL),
(71, 'IoANcwUCmGeOwIOFUNNEqM4DLsvUYcfS', 14, 'nobis', 'Suscipit autem a sit fuga hic modi. Aut adipisci laborum quam aut eaque qui. Ea illum ut omnis ipsam. Reiciendis est ducimus nesciunt delectus laborum in.', '2021-12-30 04:59:01', '2021-12-30 04:59:01', NULL),
(72, 'US8bfSidBQkTnUIJMudXzVDCpWV8ZUF8', 20, 'perspiciatis', 'Harum dolores iure consequatur dolores autem odit. Consequuntur est dolorem est voluptas voluptas sit similique et. Ut officiis eum odit. Qui nostrum alias accusantium maiores quisquam perferendis distinctio. Dolor et dolores debitis et quae sint. Laborum vel fugiat dolores vel sint illum. Et et magnam cumque et repudiandae eum rerum omnis.', '2021-12-30 04:59:01', '2021-12-30 04:59:01', NULL),
(73, '7EtwPiNClVK7mWLB107UiQ0AMLy3QNsR', 1, 'eveniet', 'Possimus iusto accusantium sit quam optio voluptatibus. Et est animi deleniti officia officia sapiente dicta. Id earum quaerat et inventore debitis a iure. Cumque repudiandae laudantium alias necessitatibus labore. Ut dolor molestiae error culpa.', '2021-12-30 04:59:01', '2021-12-30 04:59:01', NULL),
(74, 'JVoPBzYcLew31pBHNOw3m9aW4O5zohPe', 2, 'id', 'Sed debitis et id eos. Debitis rerum nesciunt perspiciatis. Veritatis dolor maxime praesentium est at consectetur quo adipisci. Sunt consequatur quasi voluptates facilis error velit reprehenderit. Itaque qui et quia et.', '2021-12-30 04:59:01', '2021-12-30 04:59:01', NULL),
(75, 'NuppVFzVr2GrK9tKYaPsC1FgY185iPip', 29, 'fugit', 'Et et qui quod qui vel. Debitis architecto veniam ex. Voluptatem reiciendis nostrum nisi fugiat hic. Occaecati beatae ratione et veniam id sed. Sint tenetur et dolore deserunt sit. Eius necessitatibus explicabo adipisci inventore sunt.', '2021-12-30 04:59:01', '2021-12-30 04:59:01', NULL),
(76, 'JYKV96vSTqIMJ17Ldcv1iCsMQcCoB5xM', 19, 'ut', 'Tenetur omnis nemo error. Asperiores voluptas fugit repellat et similique. Nihil voluptate harum vitae. Et nihil doloribus et est doloribus.', '2021-12-30 04:59:01', '2021-12-30 04:59:01', NULL),
(77, '1cJhzpYc6yO33tfUmq7IeQyaA72vNCm4', 16, 'eos', 'Molestias dolor voluptatem et dicta et ut. Non repellat sed eaque. Doloribus et nostrum voluptatum. Eaque temporibus eligendi eum nihil inventore voluptatem. Tenetur ipsa eum rerum voluptas minus.', '2021-12-30 04:59:01', '2021-12-30 04:59:01', NULL),
(78, 'JNDK4sfynoz0Z2EGmxtuMAh4dkFFaqXN', 5, 'ipsam', 'Optio repudiandae exercitationem officia laborum iste voluptate veniam. Et illum et facere exercitationem cum maiores maxime. Expedita harum a ipsa alias perspiciatis. Repellat et autem ullam laboriosam magni facilis. Minus sit tenetur rerum quisquam aliquid.', '2021-12-30 04:59:02', '2022-01-01 05:18:56', '2022-01-01 05:18:56'),
(79, 'qhjgKOjk69wMCeur6KCjq24dxICZx6xg', 6, 'cum', 'Ut aut et qui amet autem qui pariatur. Consequatur explicabo sit distinctio voluptatem ut. Consequuntur ut et provident maxime voluptas molestiae velit. Velit fuga quis qui hic cumque similique quae nobis.', '2021-12-30 04:59:02', '2022-01-01 22:59:19', '2022-01-01 22:59:19'),
(80, 'IXFTPBlUsF3BgxZT78lQdbhOlWn3LKMq', 2, 'accusantium', 'Temporibus autem quam nulla beatae a possimus. Laboriosam quis dolorem qui qui id. Aut et harum est veniam ipsam. Non id facere earum et illum est.', '2021-12-30 04:59:02', '2022-01-01 22:59:19', '2022-01-01 22:59:19'),
(81, 'YROuPHFY7Pgucj1ZYEHxjAvtISzLVueQ', 24, 'culpa', 'Consequatur debitis inventore dicta eaque et consequatur exercitationem a. Beatae eius laboriosam minima expedita. Minus illo consequuntur nesciunt aut est. Sit dolores qui iure eum. Sunt in officiis laborum asperiores. Non atque aperiam error placeat tenetur alias asperiores. Aut vel non et quam nulla autem. Enim qui repellat et velit dignissimos.', '2021-12-30 04:59:02', '2021-12-30 04:59:02', NULL),
(82, 'fC47asRCY3QmsexM6knp2YdSFepeZRgL', 34, 'rerum', 'Repudiandae vel voluptas aspernatur aut eos. Ducimus delectus temporibus et quaerat. Eos dolorum mollitia et aliquam. Aut dolorum eos magni rem molestiae. Officia molestiae non quae rem beatae. At sint accusamus quisquam dolorem sed molestiae. Omnis error repellat facilis ut temporibus consequatur.', '2021-12-30 04:59:02', '2022-01-01 05:19:23', '2022-01-01 05:19:23'),
(83, 'JR7nB9ryNcBRMT35H94ngY1YceUGJpTE', 34, 'autem', 'Sed commodi architecto nesciunt necessitatibus eos earum et amet. Facere eos debitis rerum qui. Molestias quia provident voluptatem. Blanditiis nulla repellendus incidunt.', '2021-12-30 04:59:02', '2022-01-01 05:19:29', '2022-01-01 05:19:29'),
(84, 'zBB6OFxGkxQxxazD0NGvAXzn1AW8M2ea', 28, 'quos', 'Ducimus accusamus repudiandae cupiditate quasi consequuntur. Omnis ut iure eos. Error facilis ut eligendi accusantium quo. Repellendus et dolor dolorum iure iusto odit.', '2021-12-30 04:59:02', '2021-12-30 04:59:02', NULL),
(85, 'ZLqMUNBUZvRo9q0ZFE3RvMasbmXCC877', 36, 'et', 'Maxime quo occaecati necessitatibus. Eos ipsa quam sint sapiente. Eligendi ducimus veniam id sint est ab quibusdam enim. Facere molestiae et consequatur voluptate adipisci. Voluptas delectus ut nostrum non placeat sit. Autem voluptas ut exercitationem tempore aspernatur. Excepturi aspernatur velit officia optio.', '2021-12-30 04:59:02', '2021-12-30 04:59:02', NULL),
(86, 'JGLlOZwTJv6D2JIWKTDm4yeu6P40kQVm', 45, 'aut', 'Quos est est dolores in. Ipsum nihil quod architecto et vitae. Nulla deserunt ut non iusto. Placeat omnis sunt dignissimos beatae molestiae consequatur ut.', '2021-12-30 04:59:02', '2021-12-30 04:59:02', NULL),
(87, 'eddSA48kRLZc0oHOW1536hHz2rSesVRj', 7, 'vel', 'Voluptatem autem qui corporis at quod sed non. Sit ad corrupti est animi rerum. Sint consectetur minus occaecati praesentium consequatur amet dolorum voluptatem. Neque fuga quis eaque dolorem quidem tempore provident. Ullam ea ipsa ducimus deleniti adipisci nam maxime. Dolores minus cum ratione dolores beatae fugit. Iusto eum molestias voluptatem architecto quia harum.', '2021-12-30 04:59:02', '2021-12-30 04:59:02', NULL),
(88, '4K49UpC65lwMYEJ9BvaYwUEo5GlCGXqo', 19, 'sed', 'Ut voluptas nemo delectus voluptatem ea aspernatur. Consequatur et nulla veritatis rerum. Maxime assumenda rem ea et culpa voluptatem asperiores. Labore eos unde voluptas nam. Sit consequatur consectetur impedit atque et iste.', '2021-12-30 04:59:02', '2021-12-30 04:59:02', NULL),
(89, 'jnV2ibQSPdwEst9Lj1jxSoChrIrGWy7m', 23, 'consequatur', 'Incidunt ad ut et sed sunt quia. A repellendus possimus aut neque et et vel. Dolores vitae et et numquam. Sit veniam recusandae deserunt cum nemo non dolor. Sed a earum adipisci optio deleniti est. Molestiae quis non aut consequatur sed.', '2021-12-30 04:59:02', '2021-12-30 04:59:02', NULL),
(90, 'OxSrpThzjntdFEzeL1v3uLlDYeXc69uS', 5, 'aperiam', 'Ipsam esse velit eum molestiae et molestiae vel. Quas in nostrum sint a doloribus rerum voluptas. Aut aut a tenetur repellendus. Officia ad qui quam et incidunt quis non.', '2021-12-30 04:59:02', '2021-12-30 04:59:02', NULL),
(91, 'pb5IyG3fF46Si2OK8QIaxkLONxF1vbRv', 36, 'sint', 'Molestiae unde facilis minus natus atque laboriosam veniam. Aperiam non odit vero ut rerum ullam recusandae. Minus nisi in fuga. Beatae et est officiis autem eum porro. Eveniet consequatur fuga qui asperiores ipsum voluptatem. Dolorem id quia autem corporis.', '2021-12-30 04:59:02', '2021-12-30 04:59:02', NULL),
(92, '9fHklE61ArmqewF2XNn1DCSd25J8HXUV', 42, 'sapiente', 'Placeat in debitis harum accusantium voluptas qui. Qui nihil commodi dolores nisi. Et quis omnis tenetur occaecati quia qui. Dolor repellendus ut omnis tempore fugiat ducimus et. Voluptatum beatae ut dicta laborum. Doloremque esse ullam assumenda laboriosam maxime dignissimos enim. Impedit quod consequatur dolore enim optio aut voluptatem.', '2021-12-30 04:59:02', '2021-12-30 04:59:02', NULL),
(93, 'rmCzePtOkNPZuvY24s4DWphou49Ctc1f', 12, 'aliquid', 'Velit iusto qui ea voluptas. Odio quidem sed voluptatibus neque adipisci neque. Totam similique laboriosam libero et harum qui a. Alias rerum facere velit qui.', '2021-12-30 04:59:02', '2021-12-30 04:59:02', NULL),
(94, 'KsJfeSQCFgLDnal9Z4ufS8jNLVboR7Pb', 38, 'velit', 'Perspiciatis iusto quo unde repellendus perspiciatis quam. Natus similique iste reiciendis officia. Facilis voluptatem minus ad quibusdam. Temporibus aut nihil quis optio. At dolor quaerat voluptas a autem et labore. Vitae tempora vel assumenda.', '2021-12-30 04:59:02', '2021-12-30 04:59:02', NULL),
(95, 'J079bBhoEVjuLd12fR6htoUp5kC2OIkH', 50, 'sunt', 'Nihil asperiores est quae et id ipsam voluptatem. Adipisci aut vitae ex modi et veniam. Blanditiis eum aspernatur consectetur non minus et non. Omnis totam dolorem non labore. Dolorem neque ipsa delectus deleniti quam. Doloremque animi sed eum consequuntur.', '2021-12-30 04:59:02', '2021-12-30 04:59:02', NULL),
(96, 'iDxPeRhpfrwwRfKUq19yuSxrVdP7faSs', 18, 'et', 'Dolorem quisquam impedit velit possimus quasi porro. Reiciendis pariatur doloremque aut distinctio dolor aspernatur laboriosam sit. Consequatur aspernatur rem odit sequi molestias quod possimus. Quidem et perspiciatis eos est et qui accusantium. Pariatur consequatur numquam a nemo sequi. Quo autem sapiente qui aliquam aperiam qui.', '2021-12-30 04:59:02', '2021-12-30 04:59:02', NULL),
(97, 'aUqFJwU0sTxUParcRrVVodw3rzEDIm86', 37, 'occaecati', 'Ut ut enim sit iste cum mollitia. Ut delectus assumenda libero nostrum et. Corrupti eos id nisi modi nam molestias. Sed placeat rerum cum. Quia iure tenetur molestiae odio. Rem unde ducimus rerum.', '2021-12-30 04:59:02', '2021-12-30 04:59:02', NULL),
(98, 'XySlN0eNdpGAz3yi4JossF92n2Je6Jtb', 46, 'assumenda', 'Qui dolorum sed atque. Delectus consequatur eius aut nesciunt consequuntur culpa vero. Aut quos ducimus perspiciatis excepturi modi voluptas. Dolores ea facere impedit dolor hic eaque non. Fugiat excepturi exercitationem reiciendis facere quia. Accusamus est dolorem molestias corrupti. Deleniti beatae illum explicabo nam maiores ducimus.', '2021-12-30 04:59:02', '2021-12-30 04:59:02', NULL),
(99, 'tq9lmj7SZMm9Bkijl8oOpDKXlZuSaJz9', 13, 'sed', 'Eos quis consequatur sint est soluta molestiae quasi ducimus. Dolore et id rerum itaque nulla nobis nam. Atque commodi distinctio vel quis architecto. Quia aut cum laborum est alias. Aut ducimus tempora omnis dicta earum.', '2021-12-30 04:59:02', '2021-12-30 04:59:02', NULL),
(100, 'uf3HVzGChKRkhH3kfKzWdVGHTlNVqsve', 20, 'dolores', 'Quia molestiae voluptatem ea et nisi. Aut assumenda accusamus assumenda totam voluptates rerum. Eligendi dolores officia sed rerum provident quia impedit. Officiis qui ut dolor occaecati mollitia facilis dolor.', '2021-12-30 04:59:02', '2021-12-30 04:59:02', NULL),
(101, 'xI8WGjFovCTgEhYZnmhcCgnzNol7s1kA', 40, 'aut', 'Optio debitis est aut quisquam autem et fugit enim. Similique dolor quidem repellendus corrupti. Saepe molestias perferendis architecto perferendis quaerat. Aliquid eius quia dolorem voluptas. Officia voluptatem et dolorum qui deserunt autem.', '2021-12-30 04:59:02', '2021-12-30 04:59:02', NULL),
(102, 'srAgNwjUc6riwI9L1NB72zQSZTrntAdy', 44, 'vero', 'Inventore sint asperiores quod. Doloremque et magnam quis enim et molestias. Est debitis adipisci dolorem quaerat doloremque. Quia nulla provident eos quos est sunt voluptas. Esse quae at debitis deserunt sunt maiores. Iusto aliquid sit vero repudiandae sed ut. Qui sit deserunt ipsam et dolor sunt eaque.', '2021-12-30 04:59:02', '2021-12-30 04:59:02', NULL),
(103, 'V83DrA2HxyujqqVCycqtOppNOdsXfQ8o', 13, 'laboriosam', 'Aliquam facilis ipsum dolores. Aut et eos est libero inventore. Fuga pariatur a consequatur ducimus voluptatem consequuntur voluptas. Voluptatem est et dolor magni. Omnis nihil sit est odit cum ipsam. Aperiam minus sunt rerum ipsum qui expedita dolores. Nihil blanditiis asperiores consequuntur vitae quo placeat occaecati.', '2021-12-30 04:59:02', '2021-12-30 04:59:02', NULL),
(104, 'LpD8eBTsSO6WrxaUyR4qAcZ8J4ub5hYH', 12, 'praesentium', 'Praesentium ut minus sint atque. Harum quia rerum itaque nostrum recusandae quis. Hic tenetur necessitatibus nisi suscipit non. Asperiores in aut debitis dolores voluptatem corporis.', '2021-12-30 04:59:02', '2021-12-30 04:59:02', NULL),
(105, 'ZJ5Q6WmUka1cB0zMMElOo3SAn0xfC8rV', 35, 'est', 'Et expedita dolores quidem eius adipisci quo sunt. Ratione vel culpa deserunt et. Dolores numquam voluptatem ut. Et totam voluptatibus consequatur adipisci earum et perspiciatis. Commodi et vitae et magnam dolor neque.', '2021-12-30 04:59:02', '2021-12-30 04:59:02', NULL),
(106, 'zTDW4QizmH3RtdMxWxqr6MCBGZzZwLxV', 2, 'a', 'Et sed optio sed sint. Dicta nam aut nam omnis necessitatibus commodi. Nihil soluta sint provident ad ipsum. Iste culpa explicabo iste ut aut. Ab qui magni repudiandae et quia eaque maiores.', '2021-12-30 04:59:02', '2021-12-30 04:59:02', NULL),
(107, 'bga2H5vWK8fKkL2NPbhrrs5bZc8GYaoV', 7, 'omnis', 'Est et repudiandae pariatur sunt consequuntur voluptatum similique ut. Cumque quidem aspernatur molestiae natus aut magnam. Sint sunt aperiam suscipit libero et recusandae. Voluptas cupiditate ut quibusdam ratione. Et dolor modi quo quaerat consequuntur quae mollitia similique. Magnam unde vel illum ratione.', '2021-12-30 04:59:02', '2021-12-30 04:59:02', NULL),
(108, 'ZTVIHIiVSZ6t6XaM2S9yi7AvOyfyfYox', 49, 'qui', 'Ut sed quia et doloremque amet voluptatum in. Quia ratione tenetur excepturi mollitia distinctio. Rerum inventore et id provident sed occaecati nihil. Sit et exercitationem consectetur.', '2021-12-30 04:59:02', '2021-12-30 04:59:02', NULL),
(109, 'ljAhd8s1DuprKu6EFopwlOHOctcXEbXd', 15, 'enim', 'Distinctio consequatur eligendi praesentium maiores. Id et odit inventore blanditiis pariatur reiciendis. Optio neque odio officiis nobis quia quis. Adipisci aut officia est quas et voluptas. Quia enim consequuntur dolor. Soluta libero aut non adipisci qui voluptates.', '2021-12-30 04:59:02', '2022-01-01 05:19:05', '2022-01-01 05:19:05'),
(110, '5DGcu3bDCsvTzyIST3ZthLwKDA9k45J2', 8, 'non', 'Consequuntur enim alias molestiae repellendus accusantium perspiciatis maiores. Illo qui nisi molestiae quos ut. Odio vel optio rerum non. Dolorem impedit recusandae eum officiis. Ea vel provident ut rerum quia sequi.', '2021-12-30 04:59:02', '2021-12-30 04:59:02', NULL),
(111, 'ZhzYOI3HvMRp7ssK5CnT0D46WxL2t9Ro', 46, 'consequuntur', 'Doloribus qui enim soluta minima labore illum. Voluptatem assumenda eum explicabo veritatis rerum voluptatem quisquam. Omnis aut eligendi beatae a suscipit. Omnis provident exercitationem adipisci sint quidem quas sed. Ratione laboriosam perferendis dolorum aut cumque.', '2021-12-30 04:59:02', '2021-12-30 04:59:02', NULL),
(112, 'MUcDkEAtjhzgoYGxa5kcmBQZgTyJ0Nld', 28, 'non', 'Alias aut quis quidem. Molestias voluptate voluptatem delectus non sit. Provident ab aut qui commodi nihil blanditiis. Dolor rerum est illum. Voluptas aut provident dolores voluptate saepe.', '2021-12-30 04:59:02', '2022-01-01 05:19:15', NULL),
(113, 'RQEvpoX1uxNgDaXHNURBmqLo9nFlub9B', 7, 'consequatur', 'Et ea dolor dolores ut amet repudiandae temporibus adipisci. Dolorum quidem quo exercitationem non. Rem qui ut non doloribus quam a. Perspiciatis deleniti omnis incidunt quia aut. Perspiciatis sit perspiciatis aliquam possimus et minus. Voluptatibus qui dolor qui dolorem. Est culpa ut voluptatibus.', '2021-12-30 04:59:02', '2021-12-30 04:59:02', NULL),
(114, '6Q36iJDcYeInjZkL3Ev7drkM0cG0hfQ5', 47, 'adipisci', 'Culpa et esse nulla cum. Vero et temporibus nesciunt sed. Doloribus commodi vel dicta. Quia asperiores beatae inventore odio voluptas earum.', '2021-12-30 04:59:02', '2021-12-30 04:59:02', NULL),
(115, 'Y9ykvqOeMg9ffEUkDHbyWeoXJaM1cCAl', 12, 'dolor', 'Illo laudantium fuga pariatur ab culpa. Deserunt libero repudiandae reprehenderit. Eos occaecati amet impedit id inventore et. Officia provident magnam necessitatibus aut doloribus quos accusamus quibusdam. Aut similique aut dolores beatae hic nihil.', '2021-12-30 04:59:02', '2021-12-30 04:59:02', NULL),
(116, '3lB5hoN3R3hVssDk7flttVrcnwQfyBVp', 38, 'et', 'Id porro quaerat vero nisi illo velit excepturi. Et praesentium vero nesciunt quaerat eos. Quod necessitatibus libero in ut repellendus veniam id. Ipsa nesciunt impedit eaque omnis numquam. Earum voluptas aut consectetur sit ad eum. Non nisi quo reprehenderit qui consectetur.', '2021-12-30 04:59:02', '2021-12-30 04:59:02', NULL),
(117, 'v4iXBgofgueHZvrkDZ44yzbfiyS78ivm', 28, 'quae', 'Quo quo tempore cupiditate non et sint. Mollitia quisquam quis quo sequi dolore. Architecto aut error magnam beatae aut sunt iusto. Rerum beatae nulla ducimus. Dolore mollitia omnis sit sint.', '2021-12-30 04:59:02', '2021-12-30 04:59:02', NULL),
(118, 'wRVjt7JY71LlzCmGpVBRiA1hEmucp5B6', 36, 'eveniet', 'Eligendi quos rerum distinctio dolore sit laudantium autem. Voluptatem eum ut nesciunt hic dignissimos excepturi sed. Nesciunt earum nobis impedit. Occaecati magni et assumenda consequatur voluptatibus voluptatibus.', '2021-12-30 04:59:02', '2021-12-30 04:59:02', NULL),
(119, 'HVVtHuEjlVGO8fI1AZ0cYCSogQtVUMg9', 17, 'at', 'Necessitatibus omnis et dolorum et molestiae optio. Quisquam qui architecto sunt minima ad sint quasi. Consequatur pariatur corporis et est et facere. Asperiores illo vel et in voluptatum nesciunt. Illum recusandae nihil sequi blanditiis autem animi. A deleniti facilis et blanditiis nihil ut. Sed aut odio nihil non.', '2021-12-30 04:59:02', '2021-12-30 04:59:02', NULL),
(120, 'ywDqiuiqfJA4XEkPbi557Hb8vJhh2H7N', 49, 'vitae', 'Est voluptatum delectus amet et. Consequuntur hic molestias alias rerum quibusdam est. Dignissimos alias vero corporis accusantium. Pariatur quis consectetur voluptatem voluptatem commodi temporibus animi. Et vero quisquam iste qui earum blanditiis ut quae. Cumque corporis debitis adipisci quia.', '2021-12-30 04:59:02', '2021-12-30 04:59:02', NULL),
(121, '1YgD822EfCHGHNbhuU9yEo1bKpcSER0A', 16, 'iure', 'Sequi error ad corporis neque molestiae quod voluptatem. Aut illo voluptas quidem qui enim. Aut at dolores quis repellendus sequi non. Et ea sit vel qui. Nesciunt possimus dolorem aut cumque sunt.', '2021-12-30 04:59:02', '2021-12-30 04:59:02', NULL),
(122, 'g23fFBHMsbBY2fSaFM224fbV6BkFEOA6', 15, 'hic', 'Harum placeat quis nesciunt accusamus eligendi. Eum est mollitia ad dolor rerum ab non. Quas quasi non quam aliquam eligendi quia sapiente. Nisi nobis sed voluptas magni.', '2021-12-30 04:59:03', '2022-01-01 04:32:03', '2022-01-01 04:32:03'),
(123, 'Zolzz9KbsN4EHFCyjcGfTQOuL7xbIVvx', 38, 'perferendis', 'Qui labore dolor perspiciatis voluptas aut quod ratione. Ut quos in officia placeat ex vel optio accusantium. Saepe qui vel eius aliquam quae voluptate est. Quo distinctio cum quisquam dolor est velit vitae. Repellendus vero sit nostrum perferendis iste non.', '2021-12-30 04:59:03', '2022-01-01 04:32:03', '2022-01-01 04:32:03'),
(124, 'yBS8TOzPYGfbOX4HlZO61H8rYoRN9vzk', 50, 'tempore', 'Dolores rerum nisi quae atque. Molestiae doloribus autem quas quis pariatur voluptatem. Quidem non nam qui omnis quis optio. Qui ut quidem iusto facilis eos. Aut eos voluptatem dolorem ratione incidunt qui placeat sint. Voluptatem inventore eos est ipsa consequatur quo. Unde sunt repellat impedit et quis voluptates.', '2021-12-30 04:59:03', '2022-01-01 04:32:29', '2022-01-01 04:32:29'),
(125, '4qLKsBbOM8yAvYKBiaFQoG0k5tAsUU51', 1, 'et', 'Non vitae deleniti vel beatae laborum modi temporibus maiores. Optio dolore illo sed corporis ex fugiat veritatis dolorem. Sit doloremque in rerum ab perspiciatis. Hic libero a et ipsa esse natus placeat. Laboriosam in perferendis dolor cumque est voluptatibus earum. Cum praesentium expedita placeat aut cum rem. In nemo in magni dolor. Et sit aspernatur harum magnam.', '2021-12-30 04:59:03', '2022-01-01 04:32:29', '2022-01-01 04:32:29'),
(126, 'g0hApOpMghEz0EbkbsGX3fjk8K85tNQf', 35, 'laboriosam', 'Ut molestiae ea doloremque quos reprehenderit placeat consequatur. Iste adipisci magni illo voluptatum. Ad quas qui maiores unde. Est non dolor placeat pariatur et ea vel. Vitae sed inventore temporibus non et vel et. Eligendi consequuntur atque est quod qui. Ea autem vel non laborum natus aperiam.', '2021-12-30 04:59:03', '2022-01-01 04:32:29', '2022-01-01 04:32:29'),
(127, 'aJpc6U8vEmfvMGrBFyqyH9lNpvw7dJ24', 32, 'ex', 'Mollitia qui ut molestiae autem dolorem voluptates. Quia ut id ut sed. Similique cupiditate itaque est rerum. Accusantium aut autem hic incidunt et.', '2021-12-30 04:59:03', '2022-01-01 04:32:29', '2022-01-01 04:32:29'),
(128, 'Dk5JFmDaOSUSp5fmMM1g26lA94pJDd1H', 15, 'eligendi', 'Libero eos quia laborum voluptatem eaque nemo necessitatibus. Ea non aperiam reprehenderit error quibusdam ab provident voluptatum. Est temporibus delectus facere laboriosam laborum quo consequuntur. Et consequatur ab nihil aut sit repellendus doloremque placeat. Fugit et quis sunt dolorem cum et molestiae deleniti.', '2021-12-30 04:59:03', '2022-01-01 04:32:29', '2022-01-01 04:32:29'),
(129, 'SYYSWCCO53nKB6NGZR7VlOzJwskfLdH1', 9, 'deleniti', 'Praesentium praesentium dolor iure iste minima ad totam. Non cumque omnis cupiditate nihil ullam explicabo. Repellendus aut tempore excepturi ut officia accusantium. Maiores aut neque culpa placeat qui. Recusandae iusto exercitationem quibusdam magnam ut aliquid omnis error. Distinctio est id id voluptatem incidunt hic illum quia. Et minus quod beatae autem consequatur.', '2021-12-30 04:59:03', '2022-01-01 04:32:29', '2022-01-01 04:32:29'),
(130, 'uxaa3CSjhw2tDmU6P4bIVZXzgq1InrJp', 41, 'consequuntur', 'Omnis sit culpa adipisci dolorum pariatur quia. Ut dignissimos et ut sint iusto voluptas distinctio. Quia sed sapiente aut est. Et dolores placeat natus cum. Facere occaecati dolorem iure pariatur vel praesentium eius. Dolorem et dolores adipisci architecto soluta magnam molestiae.', '2021-12-30 04:59:03', '2022-01-01 04:32:29', '2022-01-01 04:32:29'),
(131, 'F9hgHwuYIApOCbo6vd2h9JlyNel6y4YQ', 33, 'eligendi', 'Sed eum tempore nostrum facere ullam hic. Aliquam quos repellendus eligendi quasi consequatur rem ut voluptas. Nihil et aut ut. Voluptatibus ut iure totam iure repellendus sed nisi. Quidem sint quis alias. Ut eum autem rerum laudantium sit quia. Recusandae quam nihil qui nostrum ratione. Nihil autem adipisci earum nesciunt animi.', '2021-12-30 04:59:03', '2022-01-01 04:32:29', '2022-01-01 04:32:29'),
(132, 'SWlcaBfAI2ar0w5F13OfAN3m34alIwV9', 3, 'sapiente', 'Architecto provident dolores quia culpa consectetur placeat. A iste eos voluptatem. Beatae tenetur eius omnis temporibus voluptas. Aliquid id eius voluptas aut.', '2021-12-30 04:59:03', '2022-01-01 04:32:29', '2022-01-01 04:32:29'),
(133, 'j0zVZoKK5XOvjXdyI3ia0lB9R0jdtJoW', 12, 'sit', 'Sunt aut cumque qui voluptatum. Et sed ea molestias qui veritatis ut dolores est. Sapiente sed impedit officia ut perspiciatis ratione. Aut ullam perspiciatis a velit dignissimos sed laudantium. Et fugiat laborum dolore eligendi officia. Et dolore voluptates et quidem dolores voluptas sed. At architecto officia harum vero ut autem.', '2021-12-30 04:59:03', '2022-01-01 04:32:29', '2022-01-01 04:32:29'),
(134, 'dTZ0WFbiK5HasTVOaxd0ADh5v5BjwkL2', 13, 'quaerat', 'Voluptas ut velit sapiente quidem incidunt sed. Nostrum earum autem sit nam sit natus. Cupiditate facilis velit aut delectus quos. Autem facere hic vitae illum beatae sint. Expedita qui laudantium ducimus necessitatibus non.', '2021-12-30 04:59:03', '2022-01-01 04:32:39', '2022-01-01 04:32:39'),
(135, 'L5dP7Cw0PgovxDfPWm6Fn8BY9DZqWOYl', 18, 'est', 'Quam maiores qui nisi ut autem ratione repellendus. Iure architecto occaecati in odit non magnam totam. Impedit sit corrupti ipsum porro aut. Similique et officiis nihil quisquam voluptas aperiam. Et nostrum quia est dolore ducimus cum. Excepturi debitis facere qui sed iusto aliquid sit. Neque quidem consectetur quo et et quaerat repellat.', '2021-12-30 04:59:03', '2022-01-01 04:32:39', '2022-01-01 04:32:39'),
(136, 'mfG455sdPMQYb2m7UCvW5U6vLS3fWbMu', 9, 'dignissimos', 'Unde tempore consectetur aut ut porro. Nesciunt rerum consequuntur sunt voluptas. Minima numquam quia laudantium mollitia maiores molestiae id hic. Ad ipsum explicabo iste necessitatibus ex molestiae. Laboriosam voluptatem minima eligendi aut. Qui et qui voluptas hic et.', '2021-12-30 04:59:03', '2022-01-01 04:32:39', '2022-01-01 04:32:39'),
(137, 'R8konrsim66Yxn8p5ERA6ShU5HBfjwOJ', 3, 'sed', 'Officia incidunt quia molestiae est ut. Voluptas odit asperiores eos expedita. Impedit velit consequuntur veniam expedita eligendi mollitia. Ullam recusandae sit recusandae ad.', '2021-12-30 04:59:03', '2022-01-01 04:32:39', '2022-01-01 04:32:39'),
(138, 'ZQHBIrkP5Z2R1x4PD2tA1pS1iXXay1vZ', 30, 'fugiat', 'Quia itaque voluptatem et. Dolore velit aliquid nihil hic voluptas. Voluptates debitis laudantium ut quaerat natus ab. Ut architecto ratione officia non consequatur voluptate et.', '2021-12-30 04:59:03', '2022-01-01 04:32:39', '2022-01-01 04:32:39');
INSERT INTO `products` (`id`, `_key`, `category_id`, `name`, `description`, `created_at`, `updated_at`, `deleted_at`) VALUES
(139, 'Mfo6Wnki1Lw63SRKyngoR4CL6Q6lPdxy', 30, 'in', 'Sit corporis molestiae corporis facilis. Reprehenderit cupiditate eligendi impedit dolorum eveniet voluptas expedita. Sunt eveniet pariatur est aperiam consequatur est id. Est voluptas dolor modi mollitia molestiae atque. Aut et sed eius ut voluptatem totam et. Voluptate ullam consequatur veritatis quo et autem.', '2021-12-30 04:59:03', '2022-01-01 04:32:39', '2022-01-01 04:32:39'),
(140, 'YXNACaDjXEDRUZeNgI5JUd8bi3f3yZqD', 14, 'asperiores', 'Et officiis sint culpa sed aliquid dolores adipisci vero. Exercitationem magnam voluptas saepe necessitatibus libero voluptas dicta earum. Iure qui dolorem dolores dolores. Tempore aut voluptatem laborum aut et adipisci. Et delectus recusandae nihil deleniti. Animi quasi libero vel ipsa hic ipsum.', '2021-12-30 04:59:03', '2022-01-01 04:32:39', '2022-01-01 04:32:39'),
(141, 'ixdoXq5l3f1XbgXMRDewNYy9Omlp2bF0', 3, 'in', 'Voluptas qui dolorem accusantium sit qui voluptatum aut. At ut explicabo excepturi. Provident consequatur repudiandae repellat sed deleniti ab alias aut. Molestias adipisci et distinctio voluptatem. Numquam fugit iste recusandae iusto sint eius. Est ut earum harum. Libero qui ex dolorum deserunt et.', '2021-12-30 04:59:03', '2022-01-01 04:32:39', '2022-01-01 04:32:39'),
(142, 'OjIgQqkbOv3WVOhANHHuToZ6Eg6qMzRZ', 1, 'rerum', 'Qui aut quo et optio magnam nisi. Qui a id ullam aspernatur. Reprehenderit nulla deserunt neque a perspiciatis. Sint recusandae beatae voluptatum laborum rerum sint quia. Provident minima quas et aut quibusdam.', '2021-12-30 04:59:03', '2022-01-01 04:32:39', '2022-01-01 04:32:39'),
(143, '4eVcp3bQCZNVSlFRi1V2nNA7a89EWrg6', 40, 'aut', 'Quisquam asperiores perspiciatis sed sunt animi et quae illo. Minus nam sed qui sint aut. Voluptatem rerum rerum error iste et. Reprehenderit repellendus ipsum est qui ad et. Quam vitae veniam eos cupiditate id placeat provident. Eum quasi fuga similique doloremque ut id doloribus.', '2021-12-30 04:59:03', '2022-01-01 04:32:39', '2022-01-01 04:32:39'),
(144, 'pRenNstiQI33Mh9r9N4qHJa4hDHPvo2Z', 21, 'voluptatem', 'Aspernatur vero sed provident est ut. Debitis amet et sunt quasi iste dignissimos quasi est. Aspernatur amet fugiat consectetur eos harum facere ullam. Minus aut quia facilis cum pariatur nam. Id ratione quaerat est ipsum facere aut ut. Autem libero dicta veritatis eum et necessitatibus voluptas itaque.', '2021-12-30 04:59:03', '2022-01-01 05:10:25', '2022-01-01 05:10:25'),
(145, 'onp6zC4EKHnVcdJYUZavqu7LJ4uzT6oU', 12, 'ad', 'Eos fugit maxime magnam non placeat dolore. Ipsum officiis eum delectus commodi quasi dolores. Facilis sunt sed ut. Omnis a dolorum molestias voluptatem architecto et.', '2021-12-30 04:59:03', '2022-01-01 05:10:25', '2022-01-01 05:10:25'),
(146, 'q2CQuML5kfrw4leAReDgqU2cCCVf4Mkp', 47, 'mollitia', 'Molestiae qui est veritatis eius. Omnis illo saepe architecto quia. Eum architecto tempore quisquam quis eum dolorem nemo repellat. Tempore dolore iste culpa veritatis repudiandae rerum itaque qui. Voluptatem sint enim minima aliquid mollitia. Sunt quia quidem voluptates ipsam iusto ullam. Laboriosam corporis consectetur saepe et quia quod consequatur.', '2021-12-30 04:59:03', '2022-01-01 05:10:25', '2022-01-01 05:10:25'),
(147, 'eQMhJVOswV7d34xzqBNKy8p9ffTNBubB', 22, 'culpa', 'Ipsam aperiam expedita dolores ea dolorum eum. Quia cumque veniam aperiam impedit fuga blanditiis. Blanditiis reprehenderit est quia aut. Nam quia et nihil adipisci non sit et veniam. Voluptatibus cupiditate ut rerum impedit commodi voluptas. Beatae nulla odit doloribus dolorem debitis cupiditate magnam.', '2021-12-30 04:59:03', '2022-01-01 05:10:25', '2022-01-01 05:10:25'),
(148, 'YZYsgtUQdXTSAawPHSrzMh2Er95jpCEM', 31, 'eum', 'Eos aut aperiam corporis iure nisi dolores. Vel quia et nihil quisquam. Nobis est nulla sit sed. Placeat voluptas et laudantium sed porro saepe aperiam. Est sapiente suscipit dignissimos modi est. Quis rerum ea repellat. Perferendis facilis qui quaerat possimus enim et nesciunt.', '2021-12-30 04:59:03', '2022-01-01 05:10:25', '2022-01-01 05:10:25'),
(149, 'bhItWgzVnuYhelIn79Sa2rpgHfa0Co2b', 47, 'autem', 'Quis voluptas ut non aut. Vitae nemo sunt ut omnis in. Quam est quam fugit et. Reiciendis esse iste numquam velit occaecati. Ut et totam nesciunt et sit porro quisquam. Non debitis qui laudantium repellendus sint voluptas. A in sed incidunt eos consequatur quibusdam sed.', '2021-12-30 04:59:03', '2022-01-01 05:10:25', '2022-01-01 05:10:25'),
(150, 'vktoVKOYawFc73jMwCtDu1Gjwz4Kpbi3', 7, 'voluptatem', 'Asperiores nisi est esse maxime quis ut. Illo nihil est qui dignissimos distinctio modi hic. Harum aliquam non eos tempore repellendus. Facilis non est nemo impedit sequi debitis inventore. Doloremque ratione culpa sequi qui quia eaque. Tenetur recusandae at in nihil nesciunt.', '2021-12-30 04:59:03', '2022-01-01 05:10:25', '2022-01-01 05:10:25'),
(151, 'rU6ho3gXmyMmH1n1N3GFSvxXOWuuvW7u', 43, 'omnis', 'Sed aut expedita atque non assumenda iste dignissimos. Ex ullam exercitationem amet aut eum et soluta. Qui dolor quibusdam est. Perferendis sint voluptas quo sit dolores.', '2021-12-30 04:59:03', '2022-01-01 05:10:25', '2022-01-01 05:10:25'),
(152, 'C3m3uVC7K2TZs7JwUVvjWJFymVfu0sc5', 35, 'error', 'Et alias qui eius assumenda ut cumque. Laudantium sint porro dolor at voluptates dolore laudantium. Nihil perferendis perferendis voluptatum sunt est. Facilis facilis quo rerum et rerum esse. Et nesciunt cupiditate eius nostrum magni vitae nemo assumenda. Placeat ipsum aliquam minus quia. Laudantium dignissimos nemo consequatur laborum.', '2021-12-30 04:59:03', '2022-01-01 05:10:25', '2022-01-01 05:10:25'),
(153, 'cK5cGtvZQM2SUbyi3jFXGaYiSK69q0ra', 45, 'vitae', 'Sapiente at voluptas molestias dolorum a. Quisquam ducimus veniam quidem ut sit suscipit et. Ut similique temporibus sint sequi doloremque sint. Sed placeat nihil necessitatibus ea blanditiis et enim.', '2021-12-30 04:59:03', '2022-01-01 05:10:25', '2022-01-01 05:10:25'),
(154, 'HxIJWgxn2kJC9bvjnRpT1azU84wEVjC0', 17, 'aut', 'Deserunt voluptatem ex quasi aut perferendis in iure. Consectetur rerum dolorum quia et distinctio. Pariatur rem ab distinctio expedita ut rerum aspernatur. Et at temporibus molestiae sequi culpa non quod.', '2021-12-30 04:59:03', '2022-01-01 05:11:42', '2022-01-01 05:11:42'),
(155, 'vlRqmc51BQZtb0MdGOhm578RaOCRTsW8', 45, 'quis', 'Voluptatibus nam quia sit vel qui hic. Et repellat rerum quia nostrum. Accusantium reprehenderit modi autem id suscipit facere. Quaerat rerum aut id voluptatibus vero et molestiae. Ut sit eligendi alias deleniti debitis assumenda explicabo. Et quis nesciunt nobis fugiat nam est reprehenderit beatae.', '2021-12-30 04:59:03', '2022-01-01 05:11:42', '2022-01-01 05:11:42'),
(156, 'tlwfyxN9X0yqpewPanYBfPxckab3PvA9', 47, 'possimus', 'Quis sit veniam voluptatem quod et. Libero voluptatem est quo nulla. Magnam ea doloremque inventore et magni quas aliquid. Corrupti explicabo enim enim laudantium sit perspiciatis perspiciatis.', '2021-12-30 04:59:03', '2022-01-01 05:11:42', '2022-01-01 05:11:42'),
(157, 'xSMyCfN5pr9YPZBWYnp6tifzO4qnSkBu', 35, 'ut', 'Dolor voluptates rerum est quasi saepe ipsum porro. Recusandae tenetur placeat sint consequatur explicabo est quisquam. Et labore reprehenderit quisquam magnam. Eligendi atque fugit quos occaecati. Veniam ea aut corporis nostrum quo ipsam vitae. Aliquam omnis nam a minima. Accusamus qui maxime commodi similique consequatur ut. Distinctio voluptas deleniti ut necessitatibus.', '2021-12-30 04:59:03', '2022-01-01 05:11:42', '2022-01-01 05:11:42'),
(158, '8QRjzE10GYZnN3r0HOJWg5zysII3LN2u', 24, 'impedit', 'Et unde ut omnis aut porro tenetur. At natus ut repellat provident. Possimus a adipisci rerum fugit aut est. Dignissimos aut ipsum est dignissimos tenetur. Perferendis voluptatem est aut repellat. Est assumenda rerum ut id dolor omnis non. Sapiente aperiam corrupti beatae velit facilis numquam esse.', '2021-12-30 04:59:03', '2022-01-01 05:11:42', '2022-01-01 05:11:42'),
(159, 'ezNfMTKFmg30OENw58L11jXkBXNgORvd', 21, 'voluptas', 'Rerum nisi laborum ut unde. Ea eligendi dolor voluptas quia molestiae nesciunt qui. Qui aperiam veniam voluptas atque deserunt odit. Cupiditate non illum non rerum expedita ab atque pariatur. Porro assumenda sunt incidunt excepturi laudantium quas. Quibusdam pariatur eligendi consequuntur.', '2021-12-30 04:59:03', '2022-01-01 05:11:42', '2022-01-01 05:11:42'),
(160, 'eFmgDOwWCh3I6o6HpUjQtxHeHQTslixi', 40, 'impedit', 'Labore mollitia voluptatem similique corporis et. Ut atque repellat unde minus. Quam laudantium expedita minima officiis id sequi expedita. Sunt dolor nisi consequuntur consequatur sit voluptatem totam vitae. Delectus inventore a odio vel adipisci et. Non labore dolor enim reprehenderit odio. Dolore sapiente quis sunt sit.', '2021-12-30 04:59:03', '2022-01-01 05:11:42', '2022-01-01 05:11:42'),
(161, 'gr4AK9pjP1MO8WfI2rnlaepwpluWoRnT', 12, 'id', 'Sit nobis aut laudantium accusantium et facilis eos. Nihil occaecati molestias voluptas earum et. Commodi est assumenda excepturi soluta voluptate occaecati nostrum quasi. Placeat sed delectus commodi et similique. Nostrum est ut error laudantium. Est ducimus nesciunt odit odio.', '2021-12-30 04:59:03', '2022-01-01 05:11:42', '2022-01-01 05:11:42'),
(162, 'KJ6rj9WFzPf6sDoziEEIWyQ5RIRnOhLS', 5, 'omnis', 'Error iusto sunt veritatis est facere neque. Consectetur officia alias eius deserunt esse sapiente optio. Dignissimos minima rerum praesentium esse. Alias commodi quis expedita consectetur vitae accusamus error. Non occaecati vero explicabo dolorem sunt.', '2021-12-30 04:59:03', '2022-01-01 05:11:42', '2022-01-01 05:11:42'),
(163, 'DiLkHQfObJlynsIvGmlf8FYEQyWiPqPm', 21, 'minus', 'Odio magnam repellendus quidem fugiat sed facilis. Autem quis similique pariatur dolorem. Nam est accusantium iure laudantium. Quia provident eveniet recusandae assumenda. Deserunt eligendi ipsum dolores illum accusamus excepturi sit.', '2021-12-30 04:59:03', '2022-01-01 05:11:42', '2022-01-01 05:11:42'),
(164, '1FjP7tcExdtg9dQyHx6aJd0XwXQ6kUgb', 17, 'tempora', 'Velit qui laborum iure alias doloribus omnis mollitia laudantium. Qui et sed odio nemo. Deserunt a quibusdam ut blanditiis. Architecto quia aut ab totam pariatur fugiat nobis velit.', '2021-12-30 04:59:03', '2022-01-01 05:18:56', '2022-01-01 05:18:56'),
(165, 'E4lrWbqWxG209r7EZhshXBGXXW3alJEu', 36, 'cupiditate', 'Qui quas molestiae assumenda pariatur quisquam nobis. Rerum ea voluptas quibusdam voluptas vel nam commodi. Dignissimos esse doloremque quod. Officia qui quia et voluptate voluptatem sed. Delectus recusandae reprehenderit praesentium quis enim esse. Rerum omnis expedita voluptatem.', '2021-12-30 04:59:03', '2022-01-01 05:18:56', '2022-01-01 05:18:56'),
(166, 'sNzzv2UiBTnB4Uwkt1yy9J3NSUPcKKP2', 42, 'accusantium', 'Officiis nulla libero est ad aut. Et quisquam vel cum eaque eos minima ullam. Cum ipsa illum sed ab exercitationem. Minus nesciunt voluptate alias possimus omnis voluptates.', '2021-12-30 04:59:03', '2022-01-01 05:18:56', '2022-01-01 05:18:56'),
(167, 'tpEpH1Mj3jtR2mKKRawE34LNk813tyUM', 17, 'quia', 'Non omnis fuga aperiam sed accusamus laboriosam. Nobis ea consequatur autem debitis. Aperiam praesentium neque animi adipisci qui fuga aperiam animi. Eos reiciendis dolorum quia quasi delectus. Amet et expedita voluptatem in debitis.', '2021-12-30 04:59:03', '2022-01-01 05:18:56', '2022-01-01 05:18:56'),
(168, '9mbuuEHux99Xc8rzzkNHN2X7xzjfiA9v', 4, 'velit', 'Tempore quis at iste officia quaerat. Quod et reiciendis vel. Nobis et culpa quo beatae. Voluptatum dolor ipsa et dolorem occaecati et quidem.', '2021-12-30 04:59:03', '2022-01-01 05:18:56', '2022-01-01 05:18:56'),
(169, '35bzvMAce2IUYW1NHnV1O2sg6epPZhAE', 25, 'laudantium', 'Cum voluptas saepe ut temporibus delectus dolore. Aspernatur quis eveniet eaque. Nesciunt non repellendus voluptatibus ut dicta vitae voluptatum. Ut deserunt suscipit adipisci sapiente dolores. Odit ut non ipsa aperiam optio ab non. Fugiat pariatur consequatur omnis hic nobis.', '2021-12-30 04:59:03', '2022-01-01 05:18:56', '2022-01-01 05:18:56'),
(170, 'Z6tLPzAZWUzLdiLi4HRSiPBS5EzqR4rE', 19, 'nam', 'In voluptas sed assumenda. Quae ab sint maxime corporis officiis eos quia. Placeat et ipsam unde est qui. Iusto voluptate totam quia eligendi doloribus porro quia. Quia et veniam sunt quia asperiores. Cum consequatur soluta consequuntur aut excepturi nihil omnis. Atque itaque ut cupiditate dolorem.', '2021-12-30 04:59:03', '2022-01-01 05:18:56', '2022-01-01 05:18:56'),
(171, 'TEJoYFEabqQwzvXKXsVU1Ovhm0wksfo7', 23, 'officia', 'Sit ipsam in tempore ex ut. Sit ea in et sed eum at blanditiis. Corrupti perspiciatis voluptatem enim. Dolorum ullam ut consectetur et. Consequuntur impedit itaque atque est dicta et molestias harum.', '2021-12-30 04:59:03', '2022-01-01 05:18:56', '2022-01-01 05:18:56'),
(172, '0dRXDq2XgSavImcevmDeSMpgQab0PSU0', 6, 'rerum', 'Dolor dolorem vel excepturi voluptatum corrupti dolorem dolorem occaecati. Aspernatur dolorem inventore voluptas vero exercitationem ipsam illum qui. Beatae corporis ratione fugit omnis dolorem recusandae distinctio. Atque voluptas et magnam vel nesciunt et sit. Adipisci et corrupti in dolores velit itaque. Ut qui nostrum error animi voluptate itaque. Quisquam voluptatem error at aut.', '2021-12-30 04:59:03', '2022-01-01 05:18:56', '2022-01-01 05:18:56'),
(173, 'khpy9DJN4cVtaCFeD7BnTPLTPfOAotko', 49, 'quia', 'Voluptatibus quasi quo distinctio modi ut distinctio. Maiores ut nisi non debitis alias. Quisquam qui earum maiores est aliquid quidem pariatur. Enim quibusdam animi aut laudantium sit at omnis. Et corrupti quia libero ut ut officiis iure. Quis omnis vel vel harum neque aut. Quam repudiandae rerum enim enim odit quae sunt.', '2021-12-30 04:59:04', '2022-01-01 00:35:44', '2022-01-01 00:35:44'),
(174, 'm9TpYRE1fNnGjqMViyUruLHhOkfAUtnh', 41, 'eius', 'Facere dolor autem delectus praesentium molestiae consequuntur. Libero unde error non aut aliquid. In dignissimos quasi temporibus eaque inventore aut. Voluptatum iste non perspiciatis. Quis sequi ipsum quibusdam quisquam quidem et impedit architecto.', '2021-12-30 04:59:04', '2022-01-01 04:21:56', '2022-01-01 04:21:56'),
(175, 'Fsllg0eNm4VPqQ2V0AQe3IqvPAhEOuVh', 18, 'in', 'Qui soluta aliquid rerum. Dolores rem sed amet quas commodi aut quidem. Et praesentium repudiandae qui quis saepe. Reprehenderit et ex nihil. Facere quos et illum sapiente qui in qui.', '2021-12-30 04:59:04', '2022-01-01 04:21:56', '2022-01-01 04:21:56'),
(176, 'ySHVsVByJnopO8OcRZBMZKRyUGK0Eyof', 2, 'ea', 'Vel eius eos eius placeat. Magnam temporibus cum odio qui. Aperiam quia a quasi quos laudantium qui qui. Dolores sunt atque sit est eveniet. Esse debitis quidem incidunt.', '2021-12-30 04:59:04', '2022-01-01 04:21:56', '2022-01-01 04:21:56'),
(177, 'BWOgw5JkkdH6xYjnxp0TImxHDg3N52y8', 31, 'quidem', 'Dolor ut nihil animi blanditiis saepe ut. Magnam doloremque asperiores et sit accusamus qui. Omnis non sequi esse. Quis eum esse et sit totam corrupti. Distinctio enim est quae. Ex sint nemo ut qui voluptatem et illum est.', '2021-12-30 04:59:04', '2022-01-01 04:21:56', '2022-01-01 04:21:56'),
(178, 'qkHcwP2dmh8XnntoQALPRxR7IC4B3xtm', 6, 'quo', 'Veritatis aspernatur voluptatem non est ipsam quasi autem. Consequatur ipsum aut minima odio animi. Et ipsum consectetur explicabo illum eos quasi. Officia rerum aut similique iusto. Ipsum in hic aspernatur recusandae et aut omnis. Unde repudiandae cumque aspernatur dolores aut vero.', '2021-12-30 04:59:04', '2022-01-01 04:21:56', '2022-01-01 04:21:56'),
(179, 'I9eI3clelUr01eZG934PNChsEuvkunQ0', 13, 'magnam', 'Consequatur ex aperiam itaque a doloremque aut sint. Quis fugit rem qui sed. Itaque eius sint ut voluptates ut sunt autem. Temporibus exercitationem eaque quia. Corrupti omnis recusandae quisquam et ab doloribus. Qui et officia animi nobis quibusdam repudiandae.', '2021-12-30 04:59:04', '2022-01-01 04:21:56', '2022-01-01 04:21:56'),
(180, 'J4JNV0DqknBdyZSLIaEeEnTMxSR6Oa2s', 29, 'natus', 'Culpa doloremque repudiandae veniam distinctio aut. Asperiores qui aspernatur maiores neque ratione voluptatem. Quam sed quia nesciunt eligendi ducimus. Est voluptates commodi minima maiores ut. Neque ut non atque illo exercitationem consequatur. Ut fugiat quia illum optio. Non non nostrum voluptatum illo corporis consequuntur qui.', '2021-12-30 04:59:04', '2022-01-01 04:21:56', '2022-01-01 04:21:56'),
(181, 'Ffr9hY97hEKISlWWtckykkrfu5zsDtEG', 15, 'dolorum', 'Quo ex perspiciatis expedita quod possimus. Nostrum quia saepe aut aperiam. In dolor deleniti totam quaerat error. Ipsum consequatur deserunt voluptas ipsa dolor. Consequuntur sequi architecto et rem pariatur praesentium. Neque laborum omnis voluptates qui.', '2021-12-30 04:59:04', '2022-01-01 04:21:56', '2022-01-01 04:21:56'),
(182, 'hqN6jcebyVUoam25Or5xp8pJjoWmWd9t', 32, 'eveniet', 'Perferendis aut iusto numquam qui. Quas explicabo delectus assumenda velit est corporis omnis. Et assumenda sit iusto eaque laborum dolorem. Iste voluptatem iure eum sint. Qui illo nemo enim sed ducimus atque. Voluptatem non praesentium eum fuga.', '2021-12-30 04:59:04', '2022-01-01 04:24:19', '2022-01-01 04:24:19'),
(183, 'PBWmNUusYon1WXl1BEqNmZ3Eu3CGdNng', 12, 'eius', 'Dolorem quis nulla modi error voluptates. Ratione dolor quo voluptas et. Tenetur voluptas inventore nobis voluptas quia nihil sit. Voluptate rerum praesentium animi similique rerum qui aut. Expedita eum ea nulla repudiandae corrupti. Unde omnis eum vitae sunt dolor porro placeat esse. Ullam est sequi nisi dolore nam.', '2021-12-30 04:59:04', '2022-01-01 03:17:36', '2022-01-01 03:17:36'),
(184, 'cBWyqCOiFjnzXm6I0AyuhpolMm6QSAuE', 31, 'ut', 'Quidem aliquam sed eos recusandae deleniti ipsum tenetur. Sunt nesciunt saepe facilis voluptatem enim. In illo tempore non omnis perspiciatis ut illum. Perferendis et quidem voluptatibus ex.', '2021-12-30 04:59:04', '2022-01-01 03:17:46', '2022-01-01 03:17:46'),
(185, 'AcghzC1fNHFylTndk3QbTfoZeJ76JOGo', 20, 'quia', 'Deserunt quia voluptatem et fugit facere. Nesciunt eum et dignissimos delectus vel. Voluptas perferendis vero dolorem cumque ipsa vero mollitia. Culpa consequatur maxime sit et ratione distinctio. Exercitationem tempora velit non eaque officiis. Rerum beatae sint molestiae rem non vel consequatur.', '2021-12-30 04:59:04', '2022-01-01 03:19:05', '2022-01-01 03:19:05'),
(186, 'eZN2kRVS6vAwX1yMwXTPVTPYalsP8C07', 10, 'harum', 'Eos accusamus est rerum eveniet. Eveniet illo et sunt esse distinctio nulla ea. Corrupti voluptatem rerum perspiciatis rem nihil dolore voluptatibus. Omnis totam odio vero reiciendis. Impedit dolores nam cum repellat architecto quam ipsum.', '2021-12-30 04:59:04', '2022-01-01 03:19:09', '2022-01-01 03:19:09'),
(187, 'fL22Be3j0FNiYEXeUQq3JgpFv9tkKzl7', 20, 'commodi', 'Maiores recusandae natus cupiditate dolor minus. Ipsam nisi iusto veniam. Voluptatem perferendis provident et aperiam cupiditate enim repudiandae. Sunt est maiores sed quidem esse quo nesciunt.', '2021-12-30 04:59:04', '2022-01-01 03:19:13', '2022-01-01 03:19:13'),
(188, 'o4ndHtTPB8GHGRLHxiXwdoDL8wxo9yiz', 9, 'dolorum', 'Aut omnis neque vero qui et eum. Est accusantium ut dolorum dolore nobis numquam et voluptatem. Repudiandae earum et ipsum ut sed qui officia sapiente. Aperiam vel facere qui et dolorem repellat. Quibusdam eum delectus neque quis. Quis nisi optio recusandae deserunt optio placeat corrupti placeat. Maiores temporibus ipsum aperiam ut nam magni.', '2021-12-30 04:59:04', '2022-01-01 03:19:19', '2022-01-01 03:19:19'),
(189, 'cXQRrrtF2scq7WJHDsELoLhSR6748Dhm', 1, 'voluptatem', 'Dolorum minima sunt consequatur vero sunt amet et. Corporis culpa sit dolor ducimus dolore dolorem. Velit quisquam blanditiis explicabo. Delectus velit eligendi velit id. Eveniet ut velit velit in non aut aut. Est voluptatem tempore voluptate laborum.', '2021-12-30 04:59:04', '2022-01-01 03:28:28', '2022-01-01 03:28:28'),
(190, 'PmlrDNOUzoDtxcuXBlW6SYoiMgHizJbD', 33, 'magnam', 'Consequatur voluptatum fugiat et occaecati inventore. Id illo quo dolores consequatur suscipit necessitatibus quia illum. Ipsum veritatis error necessitatibus reiciendis voluptas laudantium. Cupiditate facilis autem quia.', '2021-12-30 04:59:04', '2022-01-01 04:24:19', '2022-01-01 04:24:19'),
(191, 'ZlJasW8Hf0O4ZSP5GOHgRiIs7ELaOeir', 17, 'quas', 'Iusto itaque est corrupti ut rem et eum. At ut error nemo suscipit magni ullam. Mollitia aperiam et reiciendis dolores deleniti ad. Non tempora quibusdam distinctio. Assumenda ratione autem dolorem autem.', '2021-12-30 04:59:04', '2022-01-01 04:24:19', '2022-01-01 04:24:19'),
(192, 'HbWytSnxXHo0nZuNu4cdNig7fJyX40mX', 20, 'libero', 'Eveniet quos aperiam qui veritatis perspiciatis. Quod quis aut provident reprehenderit id incidunt eum. Id similique recusandae ullam occaecati sit quam odio hic. Cupiditate deserunt dolorum aut.', '2021-12-30 04:59:04', '2022-01-01 04:24:19', '2022-01-01 04:24:19'),
(193, 'fFrHKKuw7ZyJCJyMHlSxThhXAzMrlGbZ', 27, 'non', 'Eos pariatur nulla non et corporis. Maiores rerum doloribus adipisci labore. Voluptatem ipsa dolorem cupiditate sit placeat non. Nostrum et modi expedita nisi nesciunt sint porro. Sed fugit incidunt eius dolorum eum quam.', '2021-12-30 04:59:04', '2022-01-01 04:24:19', '2022-01-01 04:24:19'),
(194, 'WrukanBCIoHtgrbTnth6r2m8SV9dQn4g', 34, 'explicabo', 'Quos beatae modi rerum velit. A omnis qui perspiciatis occaecati voluptatem aut laborum. Laborum corporis sunt animi voluptatem fugiat incidunt eos. Dolorem earum enim hic tempore.', '2021-12-30 04:59:04', '2022-01-01 04:24:19', '2022-01-01 04:24:19'),
(195, 'kP1pvwkQYy66TOqrwd8K7KeCRogC7PEu', 11, 'quis', 'Similique blanditiis voluptatum dolorem ea aut sed et. Possimus voluptatem voluptatem non. Illum harum voluptate pariatur non fugit in laboriosam. Consectetur sapiente id officia laudantium praesentium aliquam quos dolor.', '2021-12-30 04:59:04', '2022-01-01 04:24:19', '2022-01-01 04:24:19'),
(196, 'Gq1McrvNoCIPgsWkTE4Bek0wjNkd44BC', 34, 'aut', 'Eaque eligendi fuga culpa. Molestiae ut cumque ipsam quam dolorem. Pariatur velit qui doloremque veritatis aliquam. Accusantium rerum et suscipit repellendus rem. Fugit ipsum omnis nobis hic. Enim distinctio voluptatem error quisquam quod ea qui. Ullam explicabo repudiandae architecto saepe eveniet quis consectetur.', '2021-12-30 04:59:04', '2022-01-01 04:24:19', '2022-01-01 04:24:19'),
(197, 'KHkp5KVGOUOJcban3IzLBlxZRtQJXilc', 24, 'quibusdam', 'Consequatur harum quod est illum incidunt. Veniam aut et dolores repellat eum quidem non. Itaque aut voluptatibus vero velit provident amet dolorem. Temporibus nisi sapiente qui officia reiciendis eaque aut. Eligendi aliquam et sint dicta eum unde voluptas.', '2021-12-30 04:59:04', '2022-01-01 04:24:19', '2022-01-01 04:24:19'),
(198, '792NUnFf6yX0cpPweCuk8iXxNTDKODff', 41, 'omnis', 'Et quisquam autem aut deleniti dolores eaque. Consequatur nesciunt adipisci autem exercitationem illum reprehenderit officiis. Ad eum ut illo et magnam. Quia cupiditate possimus sapiente quae rem.', '2021-12-30 04:59:04', '2022-01-01 04:24:19', '2022-01-01 04:24:19'),
(199, 'XMshuiuoPAXdRe0H57uhBMpjRT4Ixbsa', 11, 'sit', 'Rerum rerum ducimus saepe quos. Molestiae consequuntur eum impedit facilis voluptatibus est adipisci. Non voluptas animi odio voluptas officiis officiis veritatis. Ex voluptas aut reprehenderit nihil atque quisquam.', '2021-12-30 04:59:04', '2022-01-01 04:32:03', '2022-01-01 04:32:03'),
(200, 'yf8dYpQIe0vcMOZxGn6oYVBKecGJXUHS', 36, 'fugiat', 'Sint consequuntur non eum sapiente quasi omnis quibusdam a. Et laudantium repellat est et recusandae accusantium. Perferendis iusto quidem dolore sapiente qui quaerat debitis est. Dolorum libero aliquam aut itaque nobis omnis. Omnis quisquam officia et qui quo voluptatibus error.', '2021-12-30 04:59:04', '2022-01-01 04:32:03', '2022-01-01 04:32:03'),
(201, '6hRdkmmsbEkPUutmfXS5CjMsFHb8JcUZ', 1, 'Jayme Tate', 'Voluptas eius provid', '2022-01-01 00:36:07', '2022-01-01 03:41:17', '2022-01-01 03:41:17'),
(202, 'nkfN5NXZGmW1Ptp6WBuRgImpFNF08sCt', 36, 'Azalia Gilmore', 'Maiores ut eum ullam', '2022-01-01 04:06:03', '2022-01-01 04:15:14', '2022-01-01 04:15:14'),
(203, 'Jb3PbbhAuwCwWWm8ARZPAsiYOVOWoEBZ', 36, 'Ira Porter', 'Consequuntur ipsum s', '2022-01-01 04:06:03', '2022-01-01 04:17:01', '2022-01-01 04:17:01'),
(204, 'VOMwoKKEQGHRlkHqmQMcxfcIFaisC9dO', 30, 'Malik Quinn', 'Voluptatem cupiditat', '2022-01-01 04:06:03', '2022-01-01 04:21:56', '2022-01-01 04:21:56'),
(205, 'UuAZoqMsaRb0VXpriGe6MTSQVVwNpFHW', 13, 'Stewart Dyer', 'Odit dignissimos ius', '2022-01-01 04:06:03', '2022-01-01 04:21:56', '2022-01-01 04:21:56'),
(206, 'yuw2zNAljCVwCECQB3wGutBGJuSJLdlM', 15, 'Yoko Vaughn', 'Voluptatem consectet', '2022-01-01 22:55:39', '2022-01-01 22:59:05', '2022-01-01 22:59:05'),
(207, 'lhKhOWlPDrHWjrNyT4jzI4Xxhq2gq3d5', 15, 'Owen Austin', 'Nisi eum deleniti si', '2022-01-01 22:55:39', '2022-01-01 22:59:19', '2022-01-01 22:59:19'),
(208, 'xIDbWlzMv7AEVcCjKA0IubK18TsdweGc', 48, 'Henry Hanson', 'Proident veniam fu', '2022-01-05 04:38:14', '2022-01-05 04:38:14', NULL),
(209, 'LfqW3b813PBI0eKOr2AubB5UPVwtqpY5', 48, 'Chandler Riddle', 'Inventore officia du', '2022-01-05 04:38:14', '2022-01-05 04:38:14', NULL),
(210, 'TQkxb2OEc7JZ9VbxxMkVldL62PZCw2vQ', 48, 'Skyler Cooley', 'Modi reiciendis dolo', '2022-01-05 04:38:14', '2022-01-05 04:38:14', NULL),
(211, 'Dbnsa6JpZ3JU5VaPgbyxL7Uxg2835tCF', 48, 'Tanisha Frank', 'Cupiditate dolor ut', '2022-01-05 04:38:14', '2022-01-05 04:38:14', NULL);

-- --------------------------------------------------------

--
-- Table structure for table `product_types`
--

CREATE TABLE `product_types` (
  `id` bigint(20) UNSIGNED NOT NULL,
  `_key` varchar(32) COLLATE utf8mb4_unicode_ci NOT NULL,
  `name` varchar(255) COLLATE utf8mb4_unicode_ci NOT NULL,
  `description` text COLLATE utf8mb4_unicode_ci NOT NULL,
  `created_at` timestamp NULL DEFAULT NULL,
  `updated_at` timestamp NULL DEFAULT NULL,
  `deleted_at` timestamp NULL DEFAULT NULL
) ENGINE=InnoDB DEFAULT CHARSET=utf8mb4 COLLATE=utf8mb4_unicode_ci;

--
-- Dumping data for table `product_types`
--

INSERT INTO `product_types` (`id`, `_key`, `name`, `description`, `created_at`, `updated_at`, `deleted_at`) VALUES
(1, 'tjB8kUIaMn2fhB2jYUNaqf64OfNedSaI', 'ex', 'Accusantium rerum eos earum laudantium autem velit. Praesentium in amet et quod. Quis sed voluptas itaque temporibus qui consequatur aut.', '2021-12-30 04:58:57', '2021-12-30 04:58:57', NULL),
(2, 'LTVMzOCpMUWmQCFcXLilZ28dEPWcHUge', 'ratione', 'Veritatis earum non eius dolores et. A corrupti ipsum natus delectus est et. In amet omnis rerum dolor quam.', '2021-12-30 04:58:57', '2021-12-30 04:58:57', NULL),
(3, 'KH8GJDEiOLzjiQpqNDdqcU5VgwgxGCqO', 'incidunt', 'Blanditiis dicta quia voluptas eligendi at nam vero quibusdam. Deserunt porro officia officiis. Illo doloribus accusamus consequatur repellat. Quae nostrum incidunt ipsam aut exercitationem et quos.', '2021-12-30 04:58:58', '2022-01-01 00:56:15', '2022-01-01 00:56:15'),
(4, 'pW1YFDDYdtt7grsoPnLNqrZInBqHwi1U', 'voluptatem', 'Rerum expedita sed sapiente aspernatur iusto eius. Expedita aliquid illo ducimus. Qui non ipsam autem alias. Quis voluptate aliquam aliquam id.', '2021-12-30 04:58:58', '2022-01-01 00:58:09', '2022-01-01 00:58:09'),
(5, 'bja2pDsK5yi3AedBov0zFFH2tIAelmOt', 'ut', 'Enim qui voluptas sint ipsam voluptates. Aperiam temporibus ea eligendi. Veniam velit alias voluptas rerum et et aspernatur.', '2021-12-30 04:58:58', '2022-01-01 00:58:12', '2022-01-01 00:58:12'),
(6, 'XWvHtyf0wd3e2MCHeXaFL9lIoIYQiuOd', 'exercitationem', 'Est non voluptas animi quibusdam ut quis ducimus. Repellat cum ab id. Provident natus magnam incidunt aliquid beatae doloremque quaerat rem.', '2021-12-30 04:58:58', '2022-01-01 03:57:01', '2022-01-01 03:57:01'),
(7, 'LqlqNBh6I6cn11zKxS5QknS4KbGzvzK2', 'consequatur', 'Ut quia magnam consequuntur rerum neque id mollitia. Aut quia ullam rerum hic qui. Et debitis harum est ut sint ut.', '2021-12-30 04:58:58', '2022-01-01 06:23:36', '2022-01-01 06:23:36'),
(8, 'Y0jpcVei2eQErJJr4iUPH2RoyPLYLuA8', 'maiores', 'Ipsum autem omnis vero velit ea aut dolores. Totam eum ut dolorem quia earum eaque. Sit quae cumque itaque sed enim. Laudantium distinctio voluptates autem consequatur eius.', '2021-12-30 04:58:58', '2022-01-01 06:23:36', '2022-01-01 06:23:36'),
(9, 'f8VPJtyxzKvPnJo6B4Vja6uo8q2vSBYv', 'praesentium', 'Ea magnam ducimus blanditiis neque. Tenetur magnam rerum quibusdam error. Qui officia ipsum aut fugit sit. Nihil voluptatem molestiae voluptatibus quia eaque delectus animi.', '2021-12-30 04:58:58', '2022-01-01 06:23:36', '2022-01-01 06:23:36'),
(10, 'MtYd7HSrbKKFXdsA9E2Dvcja3kD9xWoZ', 'facilis', 'Cumque consectetur eius voluptatum optio vel. Mollitia voluptatem distinctio aut. Vitae enim voluptates voluptas fugit. Voluptatem quia dolores vel et.', '2021-12-30 04:58:58', '2022-01-01 06:23:36', '2022-01-01 06:23:36'),
(11, 'B5WxOmkgMhPcUCOPirO9xCrH6v5WRtRy', 'est', 'Doloremque dolores similique voluptate quia. Dicta fugiat itaque voluptas unde sit voluptatem tenetur. Voluptas voluptatum exercitationem et quia a hic. Sed qui totam rerum nam tempora.', '2021-12-30 04:58:58', '2022-01-01 06:23:36', '2022-01-01 06:23:36'),
(12, '4ZkvYJyRZZnfAyfxK5crykKRRfitAfIS', 'quo', 'Consectetur eos quam ea dolor. Iste eaque officiis provident sit. Voluptatem ea ducimus optio dolore voluptatum perspiciatis consequatur nihil. Corporis recusandae quo dolores aut eaque aut accusantium.', '2021-12-30 04:58:58', '2022-01-01 06:23:36', '2022-01-01 06:23:36'),
(13, '6ipHW92ED3vjZyTVqsYoponYxhTxb8mM', 'molestiae', 'Nostrum amet hic minus eveniet consequatur hic. Dignissimos assumenda quas maxime voluptates commodi. Mollitia non in velit modi magni amet vitae. Nihil iure eius quasi et voluptates.', '2021-12-30 04:58:58', '2022-01-01 06:23:36', '2022-01-01 06:23:36'),
(14, '6o4WSEehKiKvmzQHBDw55i99pOvpZjKt', 'ducimus', 'Alias sint ut sint minus id pariatur voluptatum fuga. Voluptates labore pariatur reprehenderit debitis quaerat. Minima vel nostrum officia numquam sed voluptatem earum.', '2021-12-30 04:58:58', '2022-01-01 06:23:36', '2022-01-01 06:23:36'),
(15, 'eCAPwCBqkQQDPvp71lbQzFMQz6iZeird', 'incidunt', 'Omnis alias ab laudantium ut odio sequi. Cumque consequatur adipisci repellendus facere. Architecto et placeat et deserunt.', '2021-12-30 04:58:58', '2022-01-01 06:23:36', '2022-01-01 06:23:36'),
(16, 'Za0EjSq2xBoRJ0EsUdJmarb1GI795JVw', 'veniam', 'Sequi nam aut pariatur voluptatem omnis aliquid dolorem. Velit explicabo recusandae earum impedit aut. Consequatur ab ratione fugiat.', '2021-12-30 04:58:58', '2022-01-01 06:23:36', '2022-01-01 06:23:36'),
(17, 'dM3vMVxVjhpFOuLajvLkMwLWPl6EO2Vc', 'quis', 'Alias distinctio qui molestiae occaecati. Et modi at soluta quibusdam aliquid deserunt qui quidem. Ipsum qui amet et doloribus. Magnam laboriosam tempora esse doloremque incidunt ut voluptatem.', '2021-12-30 04:58:58', '2021-12-30 04:58:58', NULL),
(18, '6TIeGe76lKdewZZ2wmNq2B5i6fQiOzCJ', 'sunt', 'Consectetur et et et temporibus et corporis. Est aliquid est reiciendis ea hic commodi rerum. Optio et quia laudantium molestiae sint beatae minima natus. Omnis error veniam consequatur neque magnam iusto iste asperiores. Minus alias veritatis sunt corporis.', '2021-12-30 04:58:58', '2021-12-30 04:58:58', NULL),
(19, '2iHgmS9S9HUF0eOkqSDnojep2wEtT92p', 'minima', 'Iure et dolore voluptas iste quibusdam nesciunt qui. Quia minima omnis quaerat et. Culpa quia ut voluptates.', '2021-12-30 04:58:58', '2021-12-30 04:58:58', NULL),
(20, 'OYzsGA3CSIDg9YELLtRkbOqUgS08Urvi', 'dolor', 'Aut harum inventore quae distinctio vitae. Sit sed commodi expedita. Qui eum voluptas dolorem qui qui id voluptatum. Laudantium quaerat dignissimos minima ipsum modi.', '2021-12-30 04:58:58', '2021-12-30 04:58:58', NULL);

-- --------------------------------------------------------

--
-- Table structure for table `users`
--

CREATE TABLE `users` (
  `id` bigint(20) UNSIGNED NOT NULL,
  `name` varchar(255) COLLATE utf8mb4_unicode_ci NOT NULL,
  `email` varchar(100) COLLATE utf8mb4_unicode_ci NOT NULL,
  `email_verified_at` timestamp NULL DEFAULT NULL,
  `password` varchar(255) COLLATE utf8mb4_unicode_ci NOT NULL,
  `remember_token` varchar(100) COLLATE utf8mb4_unicode_ci DEFAULT NULL,
  `created_at` timestamp NULL DEFAULT NULL,
  `updated_at` timestamp NULL DEFAULT NULL
) ENGINE=InnoDB DEFAULT CHARSET=utf8mb4 COLLATE=utf8mb4_unicode_ci;

--
-- Dumping data for table `users`
--

INSERT INTO `users` (`id`, `name`, `email`, `email_verified_at`, `password`, `remember_token`, `created_at`, `updated_at`) VALUES
(1, 'Khokon Chandra', 'admin@admin.com', NULL, '$2y$10$AXD0N/eqFEQozm4yAuZIX.QBADM6xPltGbl3lMMKYzTUSr1/NzeHa', 'QQZgthYLXs9qZswJrlF298PUw4BESv0A1Ejqdcoac7vSTAnhHWvCEKAnUM1w', '2021-12-30 04:58:57', '2021-12-30 04:58:57'),
(2, 'Dr. Santos Bernhard Jr.', 'kevon.stroman@example.org', '2021-12-30 04:58:57', '$2y$10$92IXUNpkjO0rOQ5byMi.Ye4oKoEa3Ro9llC/.og/at2.uheWG/igi', 'Ypmu3l1Vgu', '2021-12-30 04:58:57', '2021-12-30 04:58:57'),
(3, 'Ivory Cronin', 'corine19@example.org', '2021-12-30 04:58:57', '$2y$10$92IXUNpkjO0rOQ5byMi.Ye4oKoEa3Ro9llC/.og/at2.uheWG/igi', 'ujRly8zQXx', '2021-12-30 04:58:57', '2021-12-30 04:58:57'),
(4, 'Gabe Lockman', 'gkerluke@example.net', '2021-12-30 04:58:57', '$2y$10$92IXUNpkjO0rOQ5byMi.Ye4oKoEa3Ro9llC/.og/at2.uheWG/igi', 'PaQ8nW1RLZ', '2021-12-30 04:58:57', '2021-12-30 04:58:57'),
(5, 'Mariana Koch DDS', 'kassulke.marielle@example.org', '2021-12-30 04:58:57', '$2y$10$92IXUNpkjO0rOQ5byMi.Ye4oKoEa3Ro9llC/.og/at2.uheWG/igi', 'XPwKKoEBAt', '2021-12-30 04:58:57', '2021-12-30 04:58:57'),
(6, 'Juliana Osinski', 'enid.schulist@example.com', '2021-12-30 04:58:57', '$2y$10$92IXUNpkjO0rOQ5byMi.Ye4oKoEa3Ro9llC/.og/at2.uheWG/igi', 'ptQ03711NX', '2021-12-30 04:58:57', '2021-12-30 04:58:57');

--
-- Indexes for dumped tables
--

--
-- Indexes for table `agents`
--
ALTER TABLE `agents`
  ADD PRIMARY KEY (`id`);

--
-- Indexes for table `categories`
--
ALTER TABLE `categories`
  ADD PRIMARY KEY (`id`),
  ADD UNIQUE KEY `categories__key_unique` (`_key`),
  ADD KEY `categories_product_type_id_foreign` (`product_type_id`);

--
-- Indexes for table `migrations`
--
ALTER TABLE `migrations`
  ADD PRIMARY KEY (`id`);

--
-- Indexes for table `password_resets`
--
ALTER TABLE `password_resets`
  ADD KEY `password_resets_email_index` (`email`);

--
-- Indexes for table `products`
--
ALTER TABLE `products`
  ADD PRIMARY KEY (`id`),
  ADD UNIQUE KEY `products__key_unique` (`_key`),
  ADD KEY `products_category_id_foreign` (`category_id`);

--
-- Indexes for table `product_types`
--
ALTER TABLE `product_types`
  ADD PRIMARY KEY (`id`),
  ADD UNIQUE KEY `product_types__key_unique` (`_key`);

--
-- Indexes for table `users`
--
ALTER TABLE `users`
  ADD PRIMARY KEY (`id`),
  ADD UNIQUE KEY `users_email_unique` (`email`);

--
-- AUTO_INCREMENT for dumped tables
--

--
-- AUTO_INCREMENT for table `agents`
--
ALTER TABLE `agents`
  MODIFY `id` bigint(20) UNSIGNED NOT NULL AUTO_INCREMENT, AUTO_INCREMENT=2;

--
-- AUTO_INCREMENT for table `categories`
--
ALTER TABLE `categories`
  MODIFY `id` bigint(20) UNSIGNED NOT NULL AUTO_INCREMENT, AUTO_INCREMENT=52;

--
-- AUTO_INCREMENT for table `migrations`
--
ALTER TABLE `migrations`
  MODIFY `id` int(10) UNSIGNED NOT NULL AUTO_INCREMENT, AUTO_INCREMENT=7;

--
-- AUTO_INCREMENT for table `products`
--
ALTER TABLE `products`
  MODIFY `id` bigint(20) UNSIGNED NOT NULL AUTO_INCREMENT, AUTO_INCREMENT=212;

--
-- AUTO_INCREMENT for table `product_types`
--
ALTER TABLE `product_types`
  MODIFY `id` bigint(20) UNSIGNED NOT NULL AUTO_INCREMENT, AUTO_INCREMENT=21;

--
-- AUTO_INCREMENT for table `users`
--
ALTER TABLE `users`
  MODIFY `id` bigint(20) UNSIGNED NOT NULL AUTO_INCREMENT, AUTO_INCREMENT=7;

--
-- Constraints for dumped tables
--

--
-- Constraints for table `categories`
--
ALTER TABLE `categories`
  ADD CONSTRAINT `categories_product_type_id_foreign` FOREIGN KEY (`product_type_id`) REFERENCES `product_types` (`id`) ON DELETE CASCADE;

--
-- Constraints for table `products`
--
ALTER TABLE `products`
  ADD CONSTRAINT `products_category_id_foreign` FOREIGN KEY (`category_id`) REFERENCES `categories` (`id`) ON DELETE CASCADE;
COMMIT;

/*!40101 SET CHARACTER_SET_CLIENT=@OLD_CHARACTER_SET_CLIENT */;
/*!40101 SET CHARACTER_SET_RESULTS=@OLD_CHARACTER_SET_RESULTS */;
/*!40101 SET COLLATION_CONNECTION=@OLD_COLLATION_CONNECTION */;
